NANDINA;PESO;VALOR
7210701000;23916481;18280649
6907210090;20389035;5164831
7210610000;18261740;13192916
6907400090;16811104;3551879
7210490000;15417305;12314026
4011201000;15362297;33032534
3907619000;14669542;18659213
8702902000;14111316;75788409
7005211100;13751662;4529278
2833110000;12070144;1707154
3808939900;11904521;30867208
8406810000;11470758;115807588
7306309900;11022493;9357854
7005299000;10757241;3859971
6912000000;10507075;6850963
3402200000;10240815;7408405
7225400000;9947561;6781758
7326110000;9924570;10828182
8711200000;8882388;34526819
7209160000;8839675;6200729
7209170000;8803173;6240486
7210709000;8801992;7046081
6006320000;8699029;16075924
4011101000;8520335;20042598
6907210010;8404496;2200796
7005291000;8163326;2459867
7210300000;8092076;7109507
2835250000;7745824;3149762
7209270000;7262083;5146349
7308200000;6873169;12542840
3808931900;6859026;25627811
7302100000;6252735;5533213
9503009900;5944315;12818616
5211420000;5863577;10979664
8703229000;5825634;33782221
7005100000;4983866;1897064
8712000000;4950251;7956565
7005219000;4822722;1686606
3903110000;4623568;7237270
7005211900;4485473;1548386
6809190000;4247676;1314745
8704230000;4051675;14219013
9619001010;3857597;5012219
3925900000;3851036;3417376
5515190000;3609596;6527293
3808911900;3527695;35769525
7604210000;3511341;8673641
7210410000;3498767;2236299
8704311000;3455635;15874411
7225300000;3447158;2471486
7210120000;3430341;3384990
4411130000;3424667;1698458
7304190000;3413139;3537074
5515110000;3411554;5263792
7604292000;3383492;6731905
7216500000;3378551;2071099
7013370000;3332672;2018876
5903100000;3313546;5087306
7318159000;3279682;5211034
6907300010;3257062;574196
2007999100;3184997;1156370
3307909000;3109387;2065299
2832100000;3055862;1455493
8541401000;2951245;17394840
7208270000;2918795;2142207
2712200000;2876626;1409967
8417809000;2816067;15455563
4011209000;2801885;5252921
7208399900;2753007;1954789
9503002200;2749148;6415559
3926909000;2741762;7615507
3924109000;2677839;4876263
5309190000;2622050;2654511
2815110000;2556178;2042938
7308909090;2547591;9751251
9503001000;2504219;4070002
8704321000;2478090;8520065
7323931000;2471432;4462344
7208530000;2468175;1578505
7009910000;2461151;1081216
8544700000;2361718;6932273
5407520000;2358858;4485390
8714109000;2350955;4745308
7604102000;2274213;4575113
7208529000;2260400;1471413
7308901000;2209691;3168637
6907220090;2202684;600353
8431490000;2149039;11441992
8609000000;2128733;1761527
7013490000;2095149;1950498
5512190000;2079505;3416374
3919100000;2076958;2679105
7308400000;2049439;3354649
9617000000;1997002;3554353
3921909000;1946026;2936347
7306500000;1943196;912065
9503009300;1887268;4860132
7321111900;1886358;3908223
9406900000;1879980;5055300
3918101000;1871700;1405559
4810190000;1795088;1377584
4202991000;1777134;4815624
7217900000;1752320;1569129
8544200000;1749887;4431264
8474900000;1714407;6952935
9405109000;1707786;6324701
9506910000;1692344;3811547
8523410000;1684701;2672570
6907230090;1668901;442234
7326909000;1593156;4293377
7209260000;1577000;1117044
9505900000;1574687;2495285
3604100000;1559301;3467092
1704901000;1558548;1098444
7323941000;1529423;2067118
7312109000;1524169;2409726
8539229000;1512330;2708559
4411140000;1493155;942419
9503009500;1478034;2785888
8415101000;1445226;6007108
8544499000;1444083;3463464
9607190000;1419440;1315941
2835260000;1418030;879212
7314200000;1412193;1566649
9503009600;1389651;2973227
9607200000;1389640;1258591
6907230010;1385712;335513
6911100000;1383012;1453555
8715001000;1367104;2127130
3920490000;1357418;1457636
8421230000;1342108;3514001
8509401000;1335294;3079500
8516790000;1329774;3097817
7306610000;1326665;1139466
8481100000;1319305;2699892
3924900000;1317922;2967591
7317000000;1314830;1047228
8452290000;1302851;3284499
6402200000;1285780;2397851
5209390000;1281792;2119892
8708802000;1276667;2721700
4011400000;1266446;2382764
8418102000;1262070;3286559
8518210000;1249181;3506500
8429520000;1239454;10830382
9403700000;1232262;1833197
7209280000;1201387;871222
2827200000;1197848;538770
8704229000;1192628;4272114
6910900000;1191855;1283642
1704909000;1177839;687666
3808921900;1173255;7515568
7606129000;1164696;1981930
8302420000;1148666;2183972
7228300000;1115848;1049244
7610900000;1112851;2111897
8467290000;1104832;4438660
8528720040;1098614;9661170
6910100000;1091981;1157404
3402111000;1086354;1479770
2918140000;1082036;946774
8546100000;1064498;1957518
3921199000;1058430;2033218
9403200000;1031539;1862943
8708999900;1021265;5484077
4818100000;1020665;998113
8514301000;1019509;4981432
5703300000;1011507;1910645
7214991000;1011015;908406
7208399100;1006710;742999
1704109000;1003428;515887
9505100000;999294;2455749
1702909000;984220;474301
7003192000;983425;334334
8414510000;979535;1743667
5903900000;973759;1576807
8509409000;961455;3492083
7217100000;953944;695210
5503909000;947896;1768128
8450200010;929075;3323099
8708701000;921538;1520295
6404112000;912055;7717613
8702301000;908805;5583286
2922410000;905118;1309830
7323991000;897539;1600363
3926100000;897224;1753972
4202121000;891695;1449408
8481801000;888796;3699674
9506620000;880773;2142743
3102210000;873950;237808
8429510000;872823;5008779
3926400000;861294;1547159
8418500000;855383;2912220
7208540000;851155;544872
8415811000;849384;4108458
8539500000;849076;4395456
8714990000;827029;1829351
8529102000;826953;1573487
7217200000;815244;860193
3921120000;801940;709700
2915310000;799364;902999
8302109000;794392;1410598
7007210000;794234;1103743
8302200000;783583;1021993
1806900000;783210;505611
8450110000;779747;2599973
9401300000;766869;1263338
3923299000;765017;1493827
8311100000;763105;995285
8518290000;756245;2131145
8716801000;754242;728547
2309909000;752941;1283515
9609100000;747330;2637675
9401790000;744756;1383652
1702301000;743377;536030
8411820000;742293;6924904
8418300000;725222;2112291
9018312000;721626;1958095
1604200000;717548;714497
8703239010;716882;5203900
9401710000;713043;1660196
7228601000;712670;420528
7318160000;711837;1146722
7606911000;711167;880356
7216990000;709639;385103
6907220010;707760;154636
3824400000;701387;928225
3919909000;697266;1221014
3105300000;696000;360295
4901999000;689744;3124125
7007110000;685364;869929
8418103000;683420;1878764
2923100000;678783;590966
2922509000;675775;958737
4011900000;672089;813000
7003191000;671629;287572
2836200000;668394;287411
7614100000;667301;1492842
7210500000;667290;647442
9405409000;663867;3341676
4202220000;657476;3944710
8431410000;657228;1305734
8429400000;650064;4637806
5810920000;641419;1364518
6006340000;638682;1308163
8467210000;636174;2382951
7211199000;631081;312511
3401199000;626910;636450
3208100000;620107;877695
8504409000;617794;4721889
7006000000;608803;299119
8527190000;608596;1406091
4818200090;607951;409642
5209420000;599345;934833
1704101000;597963;381090
9608100000;595499;1868767
3503001000;591637;1986207
8513109000;581799;1647777
8474109000;581211;2444063
3907699000;577200;779978
7306190000;575385;509107
8474399000;573149;2226103
8473300090;569362;4936003
3920209000;568716;1316281
8716900000;563317;821593
4013900000;559663;943848
8516500000;558868;1876227
7315120000;555974;863864
7013990000;555048;805246
8428330000;553326;1304094
3402901000;553309;288392
4809200000;552610;776151
2008702000;552606;238872
3920610000;550877;1413830
7318120000;550614;980842
8705400030;542640;2554423
8517610000;541635;16078158
5705000000;541429;741481
4811909000;537732;740942
8507200010;526121;4387765
8215200000;524858;780245
7208103000;518910;361383
8414802100;512719;930572
8302500000;512032;1150906
9607110000;508481;736101
6404190000;507614;4357449
7216910000;506927;286329
2003100000;506324;588084
8708301000;503294;1020015
7306900000;502297;304149
8702109090;495300;3887103
9608200000;493857;1368840
3808929900;493723;2341137
8301409000;486923;1952370
6601100000;484175;509878
5910000000;480502;421744
3306100000;479770;962812
6802930000;476538;178048
4011109000;475351;981233
8301100000;474634;974690
4202920000;474238;3038082
7209181000;469970;337032
8517700090;469202;22831260
8517629000;465913;32485312
7208511000;463659;524081
3208200000;463597;1031596
7616999000;460179;1142306
9404900000;459941;1872538
8418211000;457691;1262785
4810390000;450820;259169
5401109000;448232;776333
8705100030;443870;1874903
7315110000;443524;935445
4417009000;442496;216142
8474209000;441484;1334024
7318190000;438976;604928
7216400000;438524;348111
2905122000;435251;501613
5512990000;434672;795538
8546200000;434266;442330
8431420000;431381;563164
8518300000;430437;2878120
7615102000;430188;1084785
8425422000;428201;643777
8515390000;425517;2351700
8426200000;425232;1064732
2830101000;424939;320438
8708302900;424305;1206554
3004902900;424145;2480738
4412990000;423870;343571
6802230000;422293;211176
8518220000;421941;1367685
8474320000;421378;2603950
3506100090;417073;698496
9405200000;416593;1113400
6505009000;414285;1098336
8708299000;413864;1301833
8215990000;413574;593992
9503009200;411018;894169
3407001000;409491;622574
6402910000;408750;4407040
8428109000;408674;1049556
9401800000;408360;747545
7208389000;407240;277814
4810920000;403620;358219
4810320000;402450;294795
8418101000;402347;1230561
8452901000;402164;266162
6702100000;400896;1021122
8427200000;399894;1281533
7309000000;399555;816733
6404111000;398896;3609887
8516400000;396838;1328657
7610100000;394787;1054086
8516291000;392266;769860
8502209000;389618;1203878
3907100000;388196;203180
8512209000;388124;1361139
3808919900;386947;2579687
4819400000;386673;634513
8429110000;384790;2320358
6402999000;383209;3641458
3402119000;381190;550459
2202990090;380896;233155
4411920000;379861;194752
6806100000;379084;376555
8201300000;377722;338547
4802579000;376919;379086
4412330000;376508;322871
8704222000;376206;1394352
3923101000;374504;243191
8482100000;373304;1633092
7210690000;373001;283702
8507100090;372246;794796
9503004000;372073;672039
8438600000;371932;8486753
8708993900;366948;1248685
7308100000;365886;740016
9503009400;365283;718621
7307990000;363182;1712629
8203200000;360364;970450
2849100000;360320;281509
7303000000;359689;358189
8407900000;359444;1839843
9506999000;358973;983180
4810290000;357851;333947
8415109000;357636;2119428
5503200000;355607;241906
7324100000;352379;581843
9405300000;352152;863750
2930905900;349861;657905
5806329000;347657;572300
8418109000;347652;1249564
5515130000;347529;670358
7606929000;345557;341790
9401610000;344100;1301968
8516100000;341630;807552
8504219000;339413;2884590
8506801000;336551;319283
9613100000;336265;459161
7311001000;325965;473079
4820300000;325870;475405
8424100000;324253;392903
1702302000;321960;179752
7311009000;321730;595836
8708100000;320540;1000123
2915110000;320515;346768
8423100000;320359;1013860
7013280000;318782;290087
4015199000;318223;668957
5516940000;317787;610308
3917399000;315377;653058
8443990090;312626;4576726
6809900000;311214;118550
9506700000;308776;613342
7212200000;308584;263506
8432292000;308284;1067158
9403300000;307029;328546
8474202000;306863;2076678
8529109000;303770;34077807
8428390000;303489;1456301
8527910000;302157;1025998
7016100000;301378;102768
8418212000;301341;833493
3105590000;300600;127683
8507100010;300184;1023903
8536690000;300167;1372604
2836300000;299999;146210
7227900000;299903;221393
7209150000;298289;214471
7306400000;297163;828263
5801330000;296471;495904
9603210000;296317;850680
4410110000;296243;164109
3920100000;295784;1141552
7326200090;295550;500680
2835399000;294137;434319
9403890000;290873;561518
1604131000;288629;222397
9017801000;288277;681379
7211290000;288119;198956
8455220000;287561;990367
8477100000;287309;917373
8204200000;284175;536351
5512290000;283522;480042
3925200000;282219;440808
2929101000;281920;879625
4202290000;281448;675564
9603290000;280998;554217
8474101000;280746;560804
4820100000;280126;592645
2309902000;279224;1102750
8467220000;276739;1402869
8516603000;275413;828050
8431439000;273297;3117488
8544429000;271517;941382
8704319000;271071;1126045
8539313000;270528;783620
8213000000;270472;664868
9506690000;269602;523661
5407690000;267999;476629
3923210000;266627;633269
4409291000;264597;88132
7216210000;262134;196116
5406001000;260981;256131
3808931100;260807;701172
9405401900;260736;2598807
7304290000;260118;318025
8302490000;259389;945598
8516601000;258404;899741
4011500000;255995;388921
7314310000;255848;257574
6601990000;255165;396672
8413701100;254774;1056372
5407420000;254611;652612
8521909000;253411;2269705
8305200000;253212;492836
9402909000;251994;899487
3918901000;251921;509770
7318110000;250176;330279
7212300000;247596;305678
3304200000;247499;865750
6004100000;246613;419281
3910009000;246043;528487
7325990000;244690;292534
6506100000;244208;715699
8204120000;244187;751095
7213100000;243584;217127
7615101000;242477;461568
7318220000;242448;380149
7208521000;241620;198383
8204110000;241152;544590
7304390000;240428;265997
7003121000;238579;100522
8481804000;238113;2073260
7321119000;237845;478624
3923109000;237381;668160
8424300000;237026;1110789
7208512000;236531;280244
8710000000;235914;9401819
4016920000;235281;283221
8443310010;234763;1238795
3824999900;234652;353944
8512201000;234305;782105
9503003000;233818;859311
2922421000;233491;132409
5804210000;232653;598686
3105400000;228001;125731
5401101000;227911;242609
3701301000;227516;887915
8481809900;226861;1664221
3919901900;226446;419238
8708993300;226390;842802
4418200000;225289;213164
8450120000;224691;766143
8205409000;224488;447770
2837111000;224110;463292
8543709000;223346;1772835
3912390000;223036;908694
4810220000;222743;198895
3304100000;222386;534717
8537109000;222213;3389730
8414200000;221808;473151
8708809000;221025;669019
8472904000;219830;730565
8544491000;219480;1657219
7308300000;219365;349765
7614900000;218560;520631
2835310000;217098;239741
3215190000;216906;836654
8413701900;216571;705873
8212102000;216151;1946664
6913900000;211381;386435
2832209000;210823;98950
7321111200;209463;333399
7306309200;208867;130451
8527990000;208767;675574
8447900000;208370;521709
4011700010;207817;589110
8424890000;207315;730783
7307920000;205864;529560
8305100000;205643;454240
7315820000;205629;225788
6406200000;204690;271753
7323100000;204617;255757
7007190000;204573;277521
7009920000;204297;488755
8450190000;203349;555895
4011800090;202699;895216
4820200000;200919;355744
2833296000;199979;260329
8419110000;198335;1347198
3102101000;198030;75531
7019390000;197416;255596
2915330000;196488;269734
2933699000;195459;382687
9019100000;195232;961568
8301300000;195054;515548
9615110000;194624;434675
8413819000;194361;578255
4412340000;194200;153888
7306690000;193529;117383
3105909000;192400;53565
4809900000;191612;188923
2936270000;191100;1160737
4805939000;190910;156386
8517699090;190658;8655859
2918153000;189653;169558
7318140000;188742;396956
9017203000;188546;352512
5603129000;188490;289601
8467111000;188348;1178082
3920990000;188246;352842
6301400000;188169;311225
8428400000;187651;695360
5407540000;187548;426074
2915210000;187444;197050
8462299000;187426;463270
3402909900;187206;199143
6405900000;185070;854274
8477800000;184571;1141855
9504909990;184307;513380
8426110000;183826;1062751
8516710000;183746;823403
8536909000;183302;1958463
8477200000;182618;1490954
7210110000;182243;154197
8214100000;182064;666914
8504401000;181615;1846336
8474319000;181213;931842
8205599200;179606;348130
3926200000;179357;580036
8306290000;179354;370241
7219140000;178647;278355
2918163000;178160;131209
3923900000;178070;845371
9004100000;177666;1279956
3105902000;177306;155511
8418219000;176833;600196
3004201900;175400;1580128
8205510000;173315;468904
8425410000;173233;318742
6302220000;173203;360979
2915121000;172688;124329
2836992000;172025;56503
5513410000;171283;383833
5515120000;171217;349721
4823909000;170907;265753
8708801000;170873;578186
8538100000;170212;749987
9504400000;169363;146144
5507000000;169189;77767
8205200000;168899;264962
8544421000;168884;1249332
7117190000;168317;522245
3206110000;168305;487087
7321909000;167614;215333
6804220000;167543;615214
8201100000;167285;156745
8414590000;166963;865335
8535300000;166797;598049
8506109100;166744;69309
4202390000;166544;428008
8430490000;164186;730435
8414809000;163976;693048
8424200000;163737;599709
8482800000;163552;1015561
9018909000;163488;2471818
7607200000;163320;218456
2916313000;162600;236485
2202990010;162120;116616
8471602000;161416;940611
8703210000;160403;693761
8452102000;159859;282533
8414401000;159717;524721
7606110000;159678;236053
5603130000;159379;237312
8464900000;159285;722524
8421310000;159098;690677
3922900000;158561;261527
3912310000;158265;493637
8714921000;157940;315545
8433119000;157858;467915
8708501900;157558;587742
8708292000;157210;496467
2815120000;156624;130686
3604900000;156591;406962
8214200000;156361;397509
9405401100;156292;652160
8415819000;155213;940457
7216310000;154793;70601
8418213000;154718;475542
8452909000;154486;258759
7117900000;154390;454208
8481806000;154038;358233
4808400000;154023;231288
4202320000;153682;1177320
3918109000;153657;110289
6302390000;153369;410229
8538900000;153046;641499
8516320000;152530;1251256
9105290000;152469;295503
4818200010;151925;81969
6901000000;151669;84702
6702900000;149966;358957
1702401000;149032;79024
3307490000;148820;441523
8480600000;147815;750128
5805000000;147779;236615
8527130000;147545;404559
2103902000;146808;101070
2828100000;146245;193689
2809201000;146112;217333
7616100000;145909;321140
1806310000;145850;118672
2905440000;145709;139478
8205599900;145076;693159
9615900000;144945;296976
3506910090;144853;255435
5404199000;144449;307271
2916191000;144132;515674
8413820000;143885;523954
7320209000;143675;157796
9603909000;143559;315721
8708910000;143154;695515
8543703000;143040;1002979
2827100000;142650;50413
4819200000;142433;447310
8438101000;142322;597177
3917339000;142089;194801
4011700090;141834;263443
8536509000;141223;1090805
7009100000;141128;358348
7324900000;140952;587757
9405990000;140593;412559
4818300000;140164;277319
9403900000;140091;310721
6809110000;139978;33783
8414600000;139808;503299
8708992900;139333;506609
8510201000;139257;487339
6909120000;139120;162377
7320201000;139017;149524
8518500000;138871;647648
2915129000;138711;197050
7010902000;138656;155830
8516310000;137751;607974
8447202000;137731;195171
8429200000;137480;1051135
7325910000;137185;91449
6302600000;137161;524662
5508101000;136981;191244
3923309900;136962;651950
2833299000;136750;125546
4810131900;136125;171082
2929903000;136091;324343
4411120000;135948;102199
7223000000;135753;116645
3304990000;135424;577041
4013200000;135405;170947
8708293000;134645;311572
7020009000;134492;542742
7007290000;134043;121193
3406000000;133191;417016
8716310000;133170;402537
4016999000;132835;418170
7019310000;132632;156204
7304510000;131743;1039937
7219340000;131290;265951
4203300000;130375;265131
5402460000;130000;191845
8309900000;129409;414580
4011800020;129292;494999
6006220000;129021;378864
7304240000;129013;253874
8517120000;128715;41131606
8467191000;128113;469131
4016910000;128086;162726
3703900000;128054;304986
7308902000;127697;183835
3004101000;127577;1328756
8518100000;127395;602057
4802559000;127318;95761
8424410000;127136;320039
8443310090;126355;970018
8501401900;126301;176377
8479899000;125005;687441
9017202000;124959;388820
8502201000;124418;624544
4808100000;123645;173649
7307910000;123498;341546
4823690000;122896;383974
3909400000;122510;241346
8711300000;121998;387396
8506101100;121435;988982
8714940000;121378;246109
2508100000;121159;33810
8544422000;120490;447372
3004202000;120397;1640474
9615190000;119570;263551
6302910000;119315;226566
8407320000;119273;404977
9403100000;118909;191330
7210900000;118390;93944
8516602000;118222;182981
3913909000;117925;381416
7305310000;117892;338553
8518400000;117879;503939
3925300000;117674;404142
3808620000;117413;603265
2929909000;117378;420522
8516299000;117141;272027
4705000000;117135;63857
6802910000;116973;57776
5903200000;116965;250902
3906909000;116126;372619
6204390000;115779;504716
3917329900;115743;245391
8502111000;115308;551009
3923302000;115127;269356
8527210000;115119;1229426
2921199000;114925;405488
4010120000;114667;380600
8528520030;114394;1721701
8705909090;114120;559836
8506109900;113953;215492
8521901000;113217;236095
7010904000;113179;227099
8536501900;113019;591905
8471300000;112842;10774186
3003902000;112506;228011
8206000000;112432;390206
1806320000;112099;98608
2833210000;112056;27937
8467192000;111398;273833
6806900000;111117;94155
8467990000;110966;409734
4202999000;110853;443888
4202111000;110728;166486
8409916000;110524;481421
8480719000;110305;911455
7321191000;110299;322908
7304110000;110118;79568
5508109000;110083;135816
7003122000;110011;54935
6504000000;109672;246299
8708939100;109550;365398
4802569000;109015;115908
5804100000;108992;338751
9018390000;108832;693378
3208900000;108487;282392
6808000000;108295;83610
9403600000;108123;308697
7307190000;108053;271612
4810990000;107668;139792
8525802000;107328;5181831
6301900000;106550;306711
8713100000;105949;307331
8544601000;105742;615707
8507200090;105633;727805
8412210000;105480;369530
7208260000;105030;80670
2003900000;104976;117441
5609001000;104797;153396
8302410000;104634;329430
8702909090;104427;509924
6907400010;104350;31705
8703231010;104316;1125232
6506990000;103460;513021
7314199000;103227;75715
8518909000;103207;268010
4015110000;102480;402962
8477300000;102341;700009
3305100000;102210;108253
8421399000;102209;640346
8443399010;101913;291477
8409912000;101720;252759
8428909000;101266;256060
7208403000;100610;66124
2516120000;100440;38273
7313009000;100367;110171
3506990000;100302;198719
4009210000;100060;385522
8504319000;99581;628912
4418750000;99391;44041
3920201000;99335;333977
4009410000;99025;238482
2007991100;98967;50759
8474102000;98953;208078
2833291000;98513;59497
8502119000;98443;435969
3918909000;98392;158148
2836400000;98363;103185
9405102000;98290;518109
9032891900;98216;359171
8708702000;98138;219681
8529909000;98016;722891
4802589000;97802;116757
7229900000;97677;123320
3808590000;97169;651581
8409999900;96920;975411
7304900000;96730;69621
9207100000;96613;771638
9028100000;96477;278426
3922109000;96294;184860
5803009000;96001;393200
4013100000;95721;277362
7304230000;95653;266195
8431310000;95648;234570
8425190000;95611;371107
8409914000;95391;371743
1905909000;95368;92919
3917310000;95302;176351
7321901000;95264;138365
8470100000;95208;381257
8708502900;94610;262740
8716400000;94580;368995
7219230000;94044;80329
8208100000;93760;130124
4820500000;93679;132358
8441800000;93578;459150
7208404000;93365;70182
5401209000;93301;129972
8479100000;92890;1194936
2821101000;92868;99485
3204900000;92459;166835
8409911000;92401;251078
8509809000;92385;207623
9603400000;92073;302503
2007911000;92035;35957
3907203000;91920;153141
4803009000;91902;105688
4009110000;91882;147018
9609900000;91859;453600
4202911000;91653;208264
8507800000;91605;593350
8413919000;91567;641338
7019120000;91378;304350
4421993000;91348;191596
3916200000;91260;170205
8414409000;91162;764242
8515110000;91055;229066
8714960000;91054;152149
3304300000;90875;290362
8536202000;90770;386010
8703231019;90500;547183
9504901000;90291;152553
7607190000;90227;187117
8539311000;90112;148604
8716809000;89701;206715
6810190000;89428;47290
8418299000;89127;364541
8483409200;88838;389701
8464200000;88698;443589
8202390000;88674;423524
3920309000;88623;120475
2903799000;88570;170539
4819100000;88448;126604
8483200000;87560;314422
8482200000;87387;582194
8407340000;87280;250852
8207900000;87271;404337
7216100000;87191;78975
8210009000;87031;201422
3909209000;86859;42267
8423829000;86790;283442
3213101000;86752;180475
7219310000;86738;98024
8704100030;86340;242879
2830102000;85680;61706
4911990090;85474;779607
8413309900;85462;876678
7608200000;85389;178066
8419199000;85076;282540
9610000000;84988;175362
3905290000;84905;194811
6001920000;84837;131128
4816200000;84794;65268
8539319000;84709;236953
8539100000;84390;302323
4811419000;84128;199021
7216330000;84027;74366
8413609000;84017;430743
2506100000;83985;55184
8528710010;83148;1515269
4011800010;82623;202537
7216610000;82580;72689
6302210000;82480;164966
2103100000;82451;84350
8305900000;82437;244308
5806321000;82210;152182
3822009000;82126;1069060
4201000000;81826;204228
6810990000;81584;54944
6406909000;81235;212165
7219350000;80895;90393
5402330000;80567;106473
4202129000;80530;329636
8211920000;80446;230507
8410900000;80416;1995165
3819000000;80248;34250
9206000000;80119;266541
8501403900;79932;182727
7010901000;79908;127865
3105100000;79571;170001
8508190000;79522;323941
8427900000;78893;223510
4818900000;78755;112367
7320100000;78579;92846
3304910000;78059;344369
4002709200;77553;176054
6811820000;77368;62882
8544300000;76906;215092
7326200010;76897;131417
3005909000;76755;204620
8517622090;76421;4401771
9207900000;76397;293052
7217300000;76289;78811
8507600000;76032;1077558
4016930000;75938;448435
8708302500;75871;154714
8432909000;75770;273785
2922504000;75600;132280
3812310000;75590;48382
8414309900;75585;277413
8426122000;75510;374602
8539909000;75474;200392
5407610000;75353;204647
8905200000;75254;459099
8462910000;75080;260282
3703200000;74977;142867
8408902000;74865;198454
3808991900;74711;222493
9603309000;74660;407198
8408901000;74437;187918
8704100020;74200;263763
8508110000;74126;375374
4421999000;73842;178761
5801360000;73522;110796
8462990000;73293;258155
8705909030;73100;969368
3901100000;72574;46278
9401400000;72372;212527
9402101000;72359;257613
2827491000;72288;43405
6402190000;72221;736289
9031809000;72126;790694
5407530000;71804;195646
8409919900;71539;391364
6001100000;71455;114076
9401909000;71225;129325
7314410000;71014;67358
8425429000;70993;194562
8714929000;70966;88343
3808999900;70573;115651
7228700000;70452;87825
8422309000;70407;1714552
7019110000;70246;83448
8415822000;70001;353462
4010390000;69727;496913
9616100000;69649;255522
3707900000;69595;597107
8467810000;69590;428939
7219330000;69543;99997
4004000000;69350;25805
6804210000;69189;359823
3926907000;69103;186721
8519819090;69079;276842
7225920010;68980;61520
8451500000;68874;291070
7307110000;68846;127101
9402109000;68825;251510
7019909000;68786;92908
2903392500;68686;219955
8447120000;68685;410796
4823700000;68682;120369
8430410000;68560;1518533
6203390000;68217;305527
2903710000;68093;155487
9004909000;67805;346399
3102109000;67770;31549
8443321900;67720;1804252
7304490000;67660;343475
8481400000;67195;299641
8541409000;66996;489645
9403400000;66957;91689
8508600000;66905;142464
8703239019;66875;494776
8528720090;66720;130875
8536501100;66481;293879
1604150000;66405;56697
6601910000;66370;128376
3004501000;66343;354396
2834299000;66268;228951
8483904000;66098;227999
8536901000;65978;1187407
8708939900;65904;285754
5704900000;65787;147568
7318240000;65537;279716
8463101000;65520;488834
6306120000;65484;59982
8211910000;65364;127847
8467899000;65281;519803
4418730000;65042;84768
7013410000;64983;59932
5515290000;64893;79831
8205700000;64856;178283
9202900000;64841;269767
8414801000;64815;334186
6305332000;64616;101962
6405200000;64444;220836
4202919000;64210;179339
7304590000;64164;101451
9403500000;64126;90324
9401200000;64119;100228
8501109200;63888;89239
9508900000;63881;193477
8527290000;63843;1567778
4205009000;63832;96021
6507000000;63607;120784
8415839000;63589;497283
2202990020;63468;55972
8702909010;63298;367200
2905420000;63252;113573
8424909000;63108;229889
8529101000;62991;118943
4009310000;62715;136683
2833295000;62549;59472
8311200000;62304;91451
8481909000;62271;403898
5515990000;62179;73758
4811599000;61932;183411
7321810000;61872;220660
3922200000;61652;212329
8418699300;61533;223850
8511409000;61450;466682
6903209000;61351;82679
4409292000;61169;28718
8471609000;61091;567328
8425110000;61013;182262
5407440000;60696;135479
2915399090;60594;91904
8474809000;60536;199198
8461500000;60383;206117
3402199000;60364;72118
8539299000;59767;178233
7411290000;59709;193911
8433909000;59521;211961
9606210000;59237;114096
9619002010;59157;162845
8421219000;59016;564729
4016992900;58779;155016
5602100000;58724;35076
8207132000;58640;411592
4202190000;58420;175045
4806400000;58328;85734
6115960000;58115;134897
8544609000;58004;176103
3204140000;57520;51785
8208200000;57483;87699
3926300000;57478;143529
9613800000;57453;129348
8413702900;57410;302252
5811000000;57307;99174
8426300000;57103;362445
4012200000;56976;66287
8708940000;56690;175389
6810110000;56582;13736
7013100000;56561;33227
8536610000;56544;124486
7315890000;56506;87798
7615108000;56199;194069
9033000000;55775;457066
8308900000;55460;107094
7304310000;55422;50690
8207500000;55421;532467
8419909000;55413;260974
6406100000;55054;83491
8479900000;54881;448284
2936280000;54852;645747
9018499000;54825;354918
4202210000;54754;208580
8512301000;54274;149902
7226920000;54240;26293
3104909000;54202;124168
8484900000;54169;283772
8453200000;54105;148518
6403400000;53766;426992
8502121000;53514;328242
3006303000;53462;122499
2804210000;53440;104913
6109909000;53416;805155
8515190000;53200;121902
8477900000;53200;460433
5212230000;53197;87188
4411940000;53109;29685
6117100000;53037;152049
8474201000;52995;391930
4808900000;52812;84759
8501630000;52802;287979
3215110000;52793;248551
3504009000;52707;118053
8413309100;52568;359145
3214101000;52522;146717
7314490000;52439;102966
4805409000;52374;105042
3005902000;52272;185179
8504329000;52208;143115
7017900090;52161;286996
4412940000;52000;37734
4005991000;52000;103406
2839110000;51908;26650
2002900000;51873;43023
7314500000;51795;76786
5407510000;51788;135613
3901909000;51766;96665
8539210000;51720;276950
8303009000;51619;113663
9004901000;51431;330583
8714930000;51301;94481
8465919100;51281;129325
5516140000;51119;126221
8415823000;51079;436485
3811900000;51014;119999
6006230000;50872;163577
4010199000;50864;234328
8443199000;50849;292639
8483309000;50588;349740
1805000000;50500;88575
7229200000;50326;68313
8202310000;50278;152388
9023009000;50164;777114
8483409100;50074;149135
8509900000;49780;110504
8709190000;49764;40958
3920301000;49699;91302
9405600000;49661;225013
8421999000;49525;428375
8471700000;49429;3183512
8536209000;49353;302183
8546909000;49347;146617
8516720000;49324;210600
7318130000;49262;67362
3904210000;49235;65087
3401300000;48825;26576
1702309000;48800;29029
8308109000;48741;89201
8511809000;48575;211354
8418291000;48527;225111
8536700000;48525;980153
8528520020;48426;633773
8306210000;48391;91109
5804290000;48343;130709
5407109000;48290;120145
4908909000;48122;329920
7222309000;48108;108928
7016909000;48106;68111
8501521000;47882;122599
8443391000;47869;737233
8207192900;47605;435538
9506290000;47356;128639
3907990000;47334;88685
8465929000;47296;172129
7319901000;47125;78523
4008212900;47115;94360
7607110000;47082;70065
8208400000;46480;174054
2903120000;46400;33602
8512400000;46359;92403
6911900000;46315;72289
7318210000;46229;95907
8431109000;46128;67776
2936240000;46107;917129
8202109000;46105;171857
3924101000;46068;192309
2914120000;46030;88128
8465919900;45950;188300
8438509000;45848;175152
8467119000;45634;163998
8418999000;45623;269268
8463109000;45555;173743
7412200000;45550;182397
3911109000;45456;50935
3903190000;45380;47051
6807100000;45367;26692
7318151000;45352;104316
4419120000;45335;22346
8414909000;45326;238112
8701100000;45237;111847
8501322100;45024;105309
4008190000;45014;60561
8547909000;44983;50259
8203100000;44884;104984
7222400000;44801;102341
3919901100;44794;91974
8471410000;44777;987138
5806200000;44684;80299
8501313000;44633;64934
8714950000;44609;70489
8446290000;44538;274934
7307290000;44518;319256
5808900000;44471;116516
8413500000;44441;268087
8456110000;44431;385154
3824999600;44391;209892
8442509000;44371;139506
4003000000;44292;53585
8531200000;44164;939730
4911910000;44052;78042
9017209000;43865;130282
8413200000;43766;179120
7307220000;43633;173115
8301600000;43609;231895
7214200000;43466;71616
9105210000;43453;98983
8308101100;43331;65374
8311900000;43239;91835
8701300000;43160;306724
4903000000;42988;128797
6116100000;42970;206326
7310299000;42773;192375
8531800000;42695;312783
8905900000;42675;48960
7219900000;42667;45076
2008970000;42639;33089
5907000000;42554;114273
7321111100;42526;194017
8487902000;42487;318578
3215909000;42427;169035
6802299000;42419;37187
2501002000;42371;21421
7016902000;42054;10596
9102110000;42044;2221701
8441200000;42019;483833
8512909000;41946;195468
8422409000;41792;337519
8515290000;41762;106524
4012120000;41750;76123
3905190000;41656;44784
4806300000;41534;118806
5803001000;41531;153757
8483109100;41527;91110
2807001000;41440;14698
9021101000;41253;159563
8301200000;41186;110487
7018200000;41171;20964
8465999000;41134;233928
7319400000;40972;57184
8412290000;40912;175848
5402200000;40758;60255
3206190000;40730;39825
5503400000;40639;83701
2504100000;40628;29471
1806100000;40400;66851
8205300000;40377;92703
6805300000;40255;143821
8714101000;40223;63716
9001500000;40077;1113675
7018900000;40077;64699
8202990000;39897;112345
4009120000;39888;149981
9205100000;39880;134880
8419899900;39840;736170
6907300090;39706;40716
8504900000;39701;330262
2905320000;39666;70369
3920911000;39593;115143
4419190000;39569;103683
3905300000;39253;60459
8481805900;39212;202401
7010903000;39130;64113
8510100000;39103;204174
8443191000;38933;130734
7214999000;38872;42520
8511309200;38719;184601
8423810000;38651;298863
9026200000;38636;470169
8501519000;38503;136058
8703221000;38492;284892
7216690000;38464;29356
2925110000;38397;244217
6302290000;38378;122897
3917400000;38348;142173
5407200000;38305;56274
8205909000;38254;140992
5603940000;38218;115558
8468201000;37978;107573
3917329100;37925;58382
6902100000;37885;39238
8418699900;37835;268429
8441400000;37810;272339
8539312000;37802;79209
9023001000;37798;290273
6002900000;37550;64886
3917299900;37527;89211
8441100000;37469;231569
2917193000;37254;56772
8471500000;37245;6173678
4802699000;37219;59540
9504500000;37217;505069
8701940000;37048;240628
7616991000;36987;44528
8427100000;36961;197115
8511909000;36795;183101
4014900090;36736;124750
9102290000;36732;141183
2941909000;36662;972071
9618000000;36651;121975
9102190000;36611;264562
8424822900;36585;105759
3808921200;36408;217069
5607490000;36296;33827
8452210000;36180;106320
8512901000;36124;157571
8506809000;36120;102882
5209110000;35966;54764
8432901000;35952;69100
8215100000;35928;44462
8451800000;35784;185111
7215101000;35784;44326
8474803000;35769;179383
7307210000;35734;110106
6307903000;35706;199906
9020000000;35677;112894
6307909000;35676;210148
8503000000;35625;523865
2924291000;35532;222546
2918159000;35465;37426
8205100000;35455;89659
5503309000;35262;25621
2904202000;35126;122223
8409915000;35107;186929
6006330000;35063;83393
8211939000;35001;156424
9616200000;34979;129421
7320900000;34970;66823
8472905000;34910;551331
8415900000;34833;294909
2106902100;34699;14225
9003199000;34437;358567
2519902000;34410;15758
9102990000;34390;157235
5212240000;34253;60833
8413400000;34152;291961
8481300000;34082;150212
8419810000;34037;155752
5810990000;33970;126180
7228409000;33961;98076
6810910000;33680;20790
8409917000;33664;133381
9619001090;33657;33609
9019200000;33579;691891
8501402100;33468;52434
5210390000;33351;91722
8203400000;33329;123631
6704900000;33268;148547
8501324000;33180;102556
3923509000;33081;180619
4203290000;33069;168580
7324290000;33051;94166
8432800000;32979;115001
8465939000;32972;83466
5909000000;32962;119552
8467891000;32935;332051
8443910000;32911;133539
8415824000;32860;507934
8302600000;32829;327485
7604101000;32790;77903
9032891100;32754;214830
2941102000;32719;964482
8484100000;32706;143293
4202310000;32690;156577
8479898000;32638;122450
8543900000;32613;213868
8539399000;32608;98317
5806390000;32594;63182
4909000000;32586;60795
8711900010;32583;129040
8414901000;32495;264910
2941903000;32322;76589
9504909910;32204;283680
8607190000;32085;338271
8501619000;31968;78955
3801100000;31955;43854
6104330000;31935;110773
4819309000;31909;56359
8525801000;31907;739548
8479820000;31901;253148
3824780000;31746;147165
4814200000;31727;111000
8425499000;31538;51071
6004900000;31504;53731
9105190000;31472;73032
5509220000;31245;88650
8215910000;31216;43925
9017809000;31155;100011
8462102100;31142;63397
8477400000;30968;167055
8471900000;30958;789711
8452101000;30939;62553
7314140000;30917;36024
8443329000;30890;286285
6214400000;30836;38913
7318230000;30712;82712
8483500000;30550;168240
5402310000;30547;105665
8451210000;30489;137893
3922101000;30433;69699
9620000040;30347;80489
8708409000;30228;182596
8708501100;30220;130319
7326190000;30213;66668
3917219000;30146;58806
7208900000;30130;22898
4016991000;30105;249965
4816900000;30092;41280
8438809000;30081;159072
2103909000;29972;46642
5807100000;29925;31457
8423900000;29843;146549
8425319000;29834;159407
8528590000;29767;263753
8430100000;29762;260309
9105990000;29706;70593
5604100000;29598;39523
8458990000;29550;83149
6913100000;29531;52664
7228100000;29503;53630
6112120000;29470;135160
6302320000;29430;67011
8716390000;29317;93583
6805200000;29273;67914
6214300000;29175;121243
8426190000;29161;86080
8465919200;29148;70302
8303001000;29067;111691
8208900000;28986;233225
7608109000;28950;84860
8413920000;28834;78467
8511109000;28777;163151
2827320000;28766;11162
5608190000;28640;71391
5407920000;28623;47436
8483909000;28592;143202
2941302000;28510;95102
8422301000;28460;422619
8421211000;28448;106128
8462491000;28414;40651
4411930000;28367;20446
4420100000;28329;113010
5603930000;28256;44615
8472909090;28243;116615
7018100000;28224;57308
3909310000;28208;101210
7211191000;28115;16142
8531100000;28111;372056
4412310000;28000;24734
2008300000;28000;27206
8421299000;27840;313992
9608992900;27662;61821
3920590000;27639;89512
7318290000;27631;125657
8708920000;27618;74747
8462399000;27566;63992
5806100000;27513;47240
7214100000;27500;22689
8417802000;27490;103946
8462210000;27438;82129
3305900000;27383;27197
8701920000;27350;94836
8708302100;27322;64196
3910001000;27206;69415
8433901000;27186;63083
8438201000;27126;107812
4008211000;27098;18119
8506101900;26975;58628
8443160000;26853;196768
8436292000;26845;95396
8465949000;26838;157699
4821900000;26823;197253
8425399000;26709;108076
4421912000;26623;25927
6303910000;26617;46279
8466920000;26593;89213
4407199000;26580;12921
9209990090;26574;94885
3824600000;26565;19455
6216001000;26509;70294
6704190000;26456;114765
3813001900;26441;19485
8535909000;26440;140023
8515900000;26412;189610
3104202000;26399;25306
5607900000;26342;75949
8436910000;26321;81927
2930400000;26314;67865
7323921000;26311;52188
5516920000;26303;31588
2808001000;26280;13987
9504309000;26252;241867
8413309200;26244;157073
8501201900;26229;56317
6002400000;26203;82525
9603301000;26116;118971
4012110000;26089;68778
6505002000;26088;75453
8418699200;26051;79266
4901910000;26046;166699
8436100000;26030;168923
9503009100;25980;53980
5608900000;25976;31739
7314390000;25930;34004
6909190000;25926;16557
2903399000;25834;125969
8207198000;25799;161227
9209920000;25725;127475
8708502100;25697;58873
8424823000;25659;106670
8306300000;25641;78377
9018320000;25546;212682
9024800000;25536;607737
5211490000;25521;72888
8515809000;25490;192373
4804390000;25466;12346
9506400000;25423;50130
8713900000;25398;57091
7205100000;25319;15310
9603100000;25315;58529
4015909000;25305;53869
6115990000;25250;69000
2841909000;25250;35511
2847000000;25204;19233
2526200000;25142;9964
7202490000;25141;90278
7606919000;25139;50948
5801310000;25119;39878
4911100000;25100;235309
2833250000;25100;59995
8416900000;25098;37145
8536109000;25060;80200
7605110000;25056;62533
8424490000;24975;88757
7225920090;24920;14977
8502139000;24887;135251
3817009000;24838;47414
2839190000;24800;12819
2811229000;24760;61492
6603900000;24685;21437
8516210000;24670;59835
6201130000;24670;335679
8539291000;24640;106574
8413190000;24588;83686
9029202000;24586;58489
8501402900;24555;57117
3214900000;24499;41686
8467199000;24448;130709
9606220000;24312;37618
2106902900;24289;11848
5609009000;24278;89461
3210009000;24267;16721
8483609000;24237;165203
1902190000;24227;30643
8463300000;24209;100384
6305101000;24153;28229
8446210000;24145;150551
5211590000;24142;60938
8451300000;24103;98713
8708401000;24069;123890
2106909000;24026;37673
8445900000;23976;97858
3824910000;23955;15700
8413702100;23866;105511
8714910000;23796;44698
4203210000;23761;71059
6704110000;23699;65587
8482990000;23526;234822
8431390000;23409;141545
3926903000;23404;60798
8511209000;23308;46993
8415831000;23235;163100
2831100000;23155;37229
3808949990;23120;33149
6305390000;23104;33766
8201409000;23052;43887
7222191000;22991;49846
8701930000;22937;110538
8435100000;22895;88254
4421919000;22892;25142
2712109000;22858;44518
2922499000;22834;120442
8482500000;22816;164321
7606922000;22806;42803
8502129000;22804;137777
9205909000;22626;94118
6304190000;22623;32128
7306301000;22551;17634
1806209000;22537;22607
8432390000;22481;58119
8418992000;22454;159510
9404290000;22422;86988
4009220000;22408;130408
8211100000;22382;117833
3004102000;22357;67956
9611000000;22204;161333
9015300000;22197;599008
1109000000;22176;41506
8708302300;22163;68382
2508400000;22129;12673
8442309000;22097;61184
8425491000;22092;36083
4814900000;22080;34971
8517180000;21956;661843
8460900090;21887;111814
7226910000;21860;84346
6103330000;21775;85133
8477591000;21744;157783
8501611000;21685;64874
8539320000;21664;539741
2106907900;21609;50163
8437900000;21604;55499
6802210000;21595;12832
2102109000;21568;73640
7315810000;21551;39734
5209590000;21539;39376
8504321000;21515;87116
8413913000;21384;131908
8201901000;21367;41742
9503002900;21357;80021
9504200000;21294;26715
9404100000;21155;42240
4414000000;21126;69303
8433199000;21121;43729
8483409900;21115;136357
3808939300;21100;71091
8409993000;21084;339554
3911900000;20995;12809
8412310000;20906;97092
6403919000;20902;191583
6804230000;20870;65135
9005800000;20812;187322
3824100000;20800;18999
3906901000;20767;60057
7411100000;20717;161281
8536102000;20710;78083
6204330000;20657;149529
3916900000;20634;106922
8539221000;20607;38093
8430619000;20577;35323
8483109900;20544;77532
5402499000;20530;31137
9404210000;20387;56835
8440100000;20362;121365
8459290000;20327;49711
2915502100;20266;75755
7307930000;20226;47707
8463909000;20210;52321
7213990000;20140;11809
9209940000;20084;98716
4807000000;20046;12344
4002991000;20000;13636
2516110000;20000;6147
3908900000;19872;66034
4419110000;19829;54144
6902900000;19821;9316
9608400000;19775;105763
2106901000;19757;92660
6202990000;19726;72963
8701950000;19670;143575
6902209000;19605;43439
1905310000;19596;11776
8501102000;19584;81586
8467920000;19574;126628
6306220000;19566;51888
6403999000;19541;366276
8451290000;19401;80304
2924296000;19380;198887
9612100000;19314;186859
8475290000;19283;74161
6211330000;19265;46757
8426999000;19254;32397
6506910000;19237;63391
9503002800;19219;79367
9015809000;19177;408442
9701900000;19176;35862
3004902100;19165;53847
6302999000;18996;79483
6109100000;18989;376437
7314120000;18929;18525
7312900000;18918;56382
8423899000;18882;25780
8432100000;18880;40109
8480500000;18867;347531
6804300000;18848;40125
8409997000;18822;131543
8416202000;18780;11101
9619009090;18771;40363
2106101100;18695;37990
9405509000;18644;71717
8513101000;18614;119897
8465959000;18521;47433
2715009000;18500;25472
5516130000;18450;34273
8433599000;18367;61966
8501311000;18310;46138
8304000000;18274;43036
4009420000;18249;76481
8202101000;18225;57965
1301909090;18144;47957
6302310000;18117;53554
3704000000;18093;71970
9029201000;18087;68679
5601210000;18020;27220
8306100000;18016;58646
7315190000;17952;37528
8523510000;17932;781124
9018190000;17909;593792
3920510000;17873;36350
4010310000;17820;153200
6406901000;17814;80813
5513110000;17800;42330
6203330000;17800;299227
8438102000;17799;98524
8519819010;17782;64508
3303000000;17782;71914
2916199000;17724;70554
2915601900;17717;33505
6301209000;17693;38021
2005800000;17691;19979
5208390000;17670;31885
8708931000;17658;96625
6115950000;17638;118706
6304990000;17634;32799
8443120000;17520;45968
8203300000;17517;59370
6805100000;17491;51421
8409913000;17447;57618
8507902000;17390;111415
9405910000;17390;91974
9022120000;17352;1223023
5702320000;17335;12573
8523291000;17319;49327
3920620000;17316;59166
2936299000;17298;273583
9011800000;17296;566518
8523492000;17284;63951
8444000000;17254;45253
8528620000;17224;378591
7013910000;17190;38589
7002100000;17041;10780
7202210000;17001;38571
6205909000;16986;243602
5703900000;16906;59695
8708302400;16904;28218
8422401000;16902;103727
2939300000;16897;185254
3004321900;16878;177206
8511509000;16818;157123
4823200000;16626;80346
8523299000;16601;19648
8467112000;16513;49263
3405200000;16512;45422
7319909000;16492;48717
7313001000;16428;16995
8501530000;16305;76810
3401110000;16305;27413
8456900000;16297;96433
4818500000;16249;42718
5407719000;16226;23628
5210490000;16204;105242
9013801000;16203;41821
3807000000;16152;8910
6001220000;16116;44289
8537101000;16057;86266
3204110000;15992;89916
4817300000;15990;32986
6602000000;15966;43590
8422110000;15872;97878
8704902900;15810;71830
9506320000;15774;25944
8205596000;15703;47230
3912900000;15672;58667
8418699100;15555;138715
8704211000;15500;62490
6307100000;15403;32024
8528720030;15369;58336
5602900000;15349;15560
5802200000;15345;35350
8211949000;15306;60376
6202130000;15281;422902
8456400000;15231;116192
6214900000;15209;89124
8408209000;15200;111150
6110309000;15179;262479
3812100000;15147;34459
6304930000;15125;46524
3804001000;15060;8463
9606299000;15050;40207
2918230000;15036;53098
8536902000;15012;90096
7615200000;14866;30907
7304410000;14865;66756
9030901000;14852;22484
5513210000;14790;43863
5508201000;14781;52330
9504903000;14766;22439
4420900000;14759;39811
2208709000;14730;22198
6201930000;14691;189045
8421291000;14671;11574
8414802200;14656;305352
4819500000;14656;33957
2914130000;14640;20533
4001220000;14582;22902
5801220000;14557;30792
5402320000;14554;51151
5801320000;14553;24693
8501312000;14463;68249
5401201000;14450;20886
8468100000;14437;43043
5807900000;14428;42786
6204620000;14422;315370
8711600000;14411;60111
9030330000;14384;122528
4016959000;14362;46595
8501202900;14322;50698
6812995000;14321;42565
8212200000;14285;22352
3802100000;14264;41688
2905450000;14257;30267
3003200000;14224;23100
7613000000;14217;31923
4012190000;14209;39319
7208101000;14175;10315
6303990000;14125;54165
8210001000;14116;51348
5211390000;14105;21103
9612200000;14040;36196
2823001000;14037;40402
6006100000;14012;22593
9028201000;13968;115150
2934999090;13957;163664
2941109000;13930;193018
8905100000;13897;8541
8711900090;13872;39697
5602290000;13861;22928
5607500000;13822;37759
8467910000;13793;72909
5801900000;13759;21942
5406009000;13751;25333
5516120000;13689;23480
8501322900;13683;65667
3204170000;13674;216532
8421991000;13671;110649
5209490000;13666;17709
4010320000;13613;55516
9605000000;13609;61420
7316000000;13597;23710
8507909000;13590;167425
8311300000;13557;102167
8539901000;13458;27072
8413302000;13440;69080
5513399000;13426;41589
8422900000;13422;247237
8462291000;13386;23805
5514490000;13360;28097
7418102000;13353;27537
2929109000;13267;47236
8437809200;13263;235261
2523900000;13259;1882
7302400000;13253;62880
8430699000;13230;21052
9003110000;13205;448038
8465100000;13179;33740
8536491100;13162;78875
8515210000;13138;99026
8480410000;13125;74277
9025119000;13115;85119
2915501000;13092;24312
5404900000;13071;18721
4803001000;13029;10849
8207193000;13019;21824
9017300000;12973;58823
8424822100;12963;58775
8466910000;12897;105827
9030390000;12887;120667
8506509000;12805;264686
5603110000;12787;20239
6115290000;12733;68861
8422402000;12703;166048
4802200000;12700;11111
8437809900;12692;31521
7202700000;12691;90572
8441300000;12685;36718
8456500000;12548;38274
2513200000;12472;4476
5208320000;12407;28079
8504311000;12405;128303
9010600000;12384;58646
8205609000;12378;24477
9603500000;12366;45964
8501523000;12361;37374
6306199000;12334;12740
8448490000;12321;42194
6005220000;12314;19848
8466930000;12289;85852
9609200000;12287;52877
8536411000;12221;66865
5603910000;12216;22316
8419399900;12189;90387
7010100000;12189;21938
8482300000;12186;114124
8433609000;12165;64122
2905430000;12164;80157
8419509000;12159;101273
3004903000;12146;60328
8423891000;12141;53237
4811609000;12118;52388
4821100000;12114;38299
1902300000;12077;24968
8414100000;12074;117436
3917239000;12069;45635
8207131000;12059;78946
9506590000;12016;292477
8212101000;12012;26373
8459490000;12000;21658
5702990000;11983;58122
8465991000;11959;130345
8483109200;11958;68742
6005380000;11950;31776
6813810000;11940;42751
3003901000;11940;81737
8505110000;11930;65733
9608500000;11907;23536
8436801000;11875;124886
5607410000;11875;13638
3213900000;11847;36089
8502131000;11800;162425
8414802300;11772;106476
3403990000;11762;30132
4202119000;11752;36954
8205592000;11721;36714
8419901000;11721;29207
8473500000;11719;93789
6302109000;11719;42125
6203429000;11713;195194
8471800000;11691;640196
8502400000;11649;84586
8501404900;11646;64581
9018901000;11618;568218
6401920000;11602;43132
3402129000;11578;20652
8450900000;11570;65975
8431200000;11564;63957
3402139000;11518;24102
8541100000;11513;69064
6110191000;11495;55103
8466940000;11448;48515
8207700000;11430;28510
8412900000;11405;70535
8536309000;11367;257391
5204200000;11348;24355
5603140000;11330;21236
9021900000;11311;42188
8705300030;11310;72405
8481802000;11307;160419
1515500000;11254;18276
8481808000;11241;152535
8468900000;11217;49622
9619009010;11207;16559
6914900000;11193;25706
8445200000;11170;39059
2505900000;11169;10749
8433300000;11157;39521
8424901000;11151;100337
9015900000;11121;152611
8480790000;11107;109405
7413000000;11107;90890
8421120000;11098;22741
8414309200;11081;69345
8438400000;11080;108649
8433591000;11054;61340
2917111000;11048;14731
3920430000;10999;24136
7418101000;10989;24108
5516330000;10971;10910
4819301000;10921;12559
9021102000;10911;113777
9024900000;10871;227368
9405920000;10851;66717
6205200000;10846;177351
8443130000;10821;138888
3905999000;10808;110286
8406900000;10704;15100
5407410000;10689;15527
9032899000;10675;216865
8464100000;10650;25724
8201609000;10648;16642
3804009000;10630;21058
4012901000;10611;33510
2924292000;10593;66117
8708993200;10564;33966
8477599000;10547;95249
2102300000;10502;9986
2005200090;10420;37747
8446300000;10410;39617
2915392100;10388;17025
8409991000;10370;75318
2309901000;10351;16121
6203299000;10348;34356
8547200000;10328;45937
4009320000;10304;40863
7616910000;10278;18699
2933599000;10251;352475
2803009000;10200;14314
9205902000;10191;25054
5402690000;10166;18843
2917200000;10040;16718
8531900000;10011;119318
8901901900;10000;4334
6205300000;10000;59507
7408190000;9992;6416
5608110000;9971;59191
2936260000;9967;1001499
4008290000;9940;32276
7219210000;9930;52508
2933290000;9929;199004
7208102000;9891;6965
3505100000;9846;23996
8205591000;9844;26438
8542310000;9811;311841
8428200000;9802;11701
4805919000;9793;9933
7117110000;9761;18447
8544190000;9760;34266
3920690000;9744;18666
6206400000;9737;319693
8542900000;9697;405492
8437801900;9688;119238
4409210000;9688;7551
6203421000;9660;172254
8403100000;9632;73839
4418999000;9593;6693
4016994000;9576;32345
3921110000;9569;23648
6802990000;9561;10869
2924299090;9552;86116
3209900000;9521;16552
8308101900;9517;13321
7019901000;9491;12870
8536101000;9489;31112
3921191000;9461;38195
6804100000;9454;16136
8479810000;9436;69779
8516900000;9427;58225
9026809000;9424;115945
2914710000;9416;157069
4804590000;9380;7804
3204130000;9370;96810
7222209000;9357;15618
6303120000;9351;26095
8481200000;9310;95087
8606990000;9300;3035
4014100000;9298;23323
6005370000;9258;14868
8514309000;9248;55837
5513310000;9230;27369
9402901000;9228;148834
6114300000;9209;32587
9031200000;9206;61269
2909495000;9206;22296
8214909000;9196;26907
6203490000;9196;83878
2933999090;9140;181194
2828902000;9108;15813
8501522000;9102;31649
9613200000;9092;10926
5509310000;9060;19005
9028909000;9049;28061
5509910000;9043;15369
9001400000;9032;59242
8417100000;9018;152771
8480200000;9006;74941
7323999000;8997;22277
3921140000;8939;16466
5508209000;8924;28219
5603920000;8918;24797
6001990000;8916;17283
7214912000;8900;6567
8418991000;8893;49314
2906110000;8865;317227
8704221000;8840;40812
8459210000;8800;41053
8473300010;8794;153423
9006910000;8761;74088
5513499000;8759;44582
9031101000;8752;32965
6303920000;8730;38971
7305190000;8723;10557
8536419000;8722;103162
5212250000;8720;18876
5702920000;8708;14967
7219120000;8696;15369
9202100000;8693;46357
8462310000;8650;14021
2811110000;8650;33292
8501524000;8641;25820
8504330000;8639;21564
7315200000;8631;6266
7306309100;8628;11330
8413110000;8617;57911
7013420000;8608;18741
8445110000;8550;33725
9208900000;8547;24682
8459690000;8528;38770
4421100000;8524;39772
8715009000;8453;16648
8409999100;8452;28573
8505199000;8441;42322
5209410000;8441;10886
7015900000;8420;104274
2209000000;8402;10594
8510300000;8401;97833
6110111000;8393;31801
9101290000;8392;29573
8432291000;8392;48367
5513130000;8387;14476
8425311000;8354;15123
7612909000;8354;43794
7321199000;8340;25677
2835220000;8339;54249
5402470000;8273;11555
8438900000;8257;94247
7314420000;8249;26301
8430611000;8246;66084
5407930000;8237;17677
3004391900;8178;161968
9001900000;8171;115701
8307900000;8091;24769
7220200000;8072;31695
3213109000;8061;18613
8514100000;8060;46513
7219240000;8057;30858
8704219000;8040;39104
8607990000;8012;25812
7013220000;7974;11437
8417209000;7960;19305
6815990000;7938;13366
8409919100;7931;81317
8418400000;7886;63341
6815100000;7879;24475
5003000000;7875;385039
7302909000;7840;27614
4418790000;7840;8383
8532290000;7803;35343
2941301000;7801;101002
6111200000;7771;168653
8308200000;7754;14950
3812391000;7747;48833
8437109000;7719;88126
6101200000;7719;36379
8438202000;7706;103598
9022900000;7702;364886
6103390000;7702;26760
4822100000;7700;6746
7322190000;7696;25898
8205401000;7690;30154
9608991000;7685;28709
8402190000;7656;22906
8542390000;7655;1025832
5208211000;7654;29584
2005999000;7615;8046
8504100000;7598;93751
6310101000;7590;4135
2827399090;7588;13856
8419600000;7544;25279
9606100000;7534;16999
4820409000;7534;27082
6006900000;7525;30361
3824790000;7488;32777
3914000000;7470;18527
3907309000;7442;19904
8901901100;7440;14266
902300000;7426;11641
3005903900;7416;26007
6110209000;7390;139336
8418910000;7389;30829
2936900090;7384;1646289
5515220000;7319;15254
8442302000;7306;464467
6405100000;7302;26153
5802190000;7296;15462
9401590000;7286;31066
5901900000;7264;40170
2825909000;7256;17039
5516440000;7250;17788
9103900000;7222;13777
8513900000;7191;45089
3005101000;7190;46217
3923291000;7168;57864
6117909000;7161;7212
5516930000;7149;10423
5103200000;7124;79550
6815910000;7118;26789
8515310000;7112;50819
9032909000;7030;52240
7907002000;7004;46186
8523801000;7001;9784
9018410000;7000;39063
5210290000;6985;31611
4820900090;6966;17015
8201500000;6959;36668
5210590000;6947;23322
8708295000;6944;27579
9506390000;6932;19410
8439300000;6892;20414
9032100000;6873;57608
8307100000;6860;77556
8007002000;6848;11608
5407840000;6844;49860
4819600000;6838;15556
6813200000;6836;22201
8429590000;6830;39597
8512309000;6816;25117
4910000000;6811;31005
9026900000;6804;83289
8519812000;6785;24853
9025199000;6784;103959
3809910090;6749;12330
9027809000;6735;393055
9013100000;6726;1889047
8407290000;6719;22203
5801370000;6717;20638
7801990000;6708;15943
8207133000;6707;9975
8458111000;6700;47379
6116990000;6700;32383
8455900000;6698;22731
6303199000;6674;39628
9401690000;6672;39087
8472100000;6657;12674
6101909000;6628;23738
3815199000;6618;12207
8528520090;6617;158274
5516110000;6606;13250
9107000000;6595;131205
4016993000;6575;35341
8482910000;6572;41842
2841610000;6570;30974
8501612000;6547;23371
7609000000;6537;42336
7226990000;6531;9856
6105100000;6525;123724
6812993000;6514;14230
9021399000;6505;82377
2853901000;6500;13915
7011900000;6479;8083
6203230000;6478;14497
9031900000;6468;41517
5806400000;6467;17491
2836500000;6456;6867
8419899300;6438;57580
8535100000;6435;20198
5512110000;6432;15267
8421294000;6411;23622
8536499000;6407;57796
3814001000;6407;10923
7412100000;6363;55172
8413811000;6361;37865
6206900000;6335;73737
9025191900;6317;166551
6811400000;6313;12358
4203400000;6304;26237
6207991000;6301;28550
8207139000;6297;97298
8465911000;6275;45396
8501321000;6256;30810
3701309000;6250;27517
9030320000;6246;105373
4008111000;6241;24134
8519899000;6235;39018
9030310000;6231;177511
8443399090;6228;190954
6204690000;6222;73358
8481809100;6217;16624
9603901000;6208;10853
6006310000;6199;13626
3810109000;6191;48687
8414309100;6166;49130
6115109000;6157;39406
6404200000;6153;39926
8003001000;6145;13781
2907190000;6145;30389
2801200000;6140;53850
9018120000;6136;647949
7202920000;6099;13607
6110201000;6094;142019
9507100000;6093;27204
5911909000;6086;23824
9008501000;6083;58477
3906902100;6073;14002
8528720020;6068;21033
3102901000;6024;3789
7010200000;6019;6415
5601290000;6013;13063
8708291000;6007;19521
9031802000;5964;215860
4016992100;5952;18167
7019190000;5951;19539
6403200000;5941;47387
8409995000;5936;72933
8445400000;5935;61782
2914293000;5899;116737
6110900000;5878;50492
8528420000;5876;68257
8471490000;5856;387223
6210100000;5834;49378
2936220000;5821;380572
8530809000;5817;61582
8446100000;5790;35696
6106200000;5789;52953
8512100000;5756;45172
8420109000;5747;21273
8465200010;5727;14893
8409999200;5723;59541
9608300000;5710;33748
7228401000;5622;11077
9029901000;5618;15708
7202410000;5600;13850
9017100000;5594;4433
8479600000;5590;38831
5310900000;5588;20835
8473290000;5569;24020
8472901000;5569;76721
8462499000;5552;31581
8301500000;5532;13402
9106909000;5525;147637
3215901000;5506;21738
8457100000;5500;16933
3822003000;5492;176376
6212100000;5491;101642
4811499000;5468;16520
7113190000;5449;108718
9005100000;5423;22300
8545110000;5414;42595
7013330000;5384;10448
9013200000;5381;41858
5209510000;5375;11989
2941400000;5375;402942
8522909000;5364;63495
3306200000;5360;47776
3917321000;5344;45241
5503190000;5341;12919
8437101100;5336;50411
8504221000;5330;29743
8201601000;5325;14667
2916390000;5325;111372
2106907300;5322;201736
6204290000;5312;22274
3917391000;5310;15603
5702390000;5306;5720
6209200000;5293;190710
7208402000;5278;5006
6302930000;5275;21662
7315900000;5266;25141
8462102900;5258;49635
5513290000;5249;4093
5911400000;5244;74628
2932992000;5235;188961
3212100000;5233;72211
8539292000;5219;8266
7418200000;5205;58774
7019590000;5187;21429
9614000000;5174;16466
8537200000;5151;72965
8450200090;5148;13063
5211510000;5145;13263
8523599000;5144;31112
8414304000;5143;29266
3920919000;5132;7250
8526910010;5119;500262
6211399000;5118;20601
3901300000;5108;13120
7226190000;5102;8358
8418610000;5100;92816
4007000000;5099;12540
8523591000;5097;430494
8419200000;5088;68700
6104390000;5072;33736
9405101000;5069;195001
4902909090;5069;22008
8419191000;5059;25887
7323911000;5057;9365
8517692000;5051;95216
6103230000;5042;11393
3813002000;5042;6366
7325100000;5033;17688
3901200000;5029;4893
7211900000;5013;8805
6209909000;5004;37959
7222111000;5003;11795
6302599000;4994;50400
3926901000;4976;13594
5407940000;4969;20781
9701100000;4949;48186
8407210000;4937;71488
8481807000;4930;37033
8422200000;4926;32944
9507300000;4909;29283
1901902000;4903;1459
4419900000;4887;27461
8201401000;4870;10414
3002902000;4867;79222
3909390000;4861;17483
2936250000;4857;318100
8504229000;4850;6187
3204120000;4842;68041
8418691100;4827;44352
7002390000;4824;20381
8424829000;4823;18490
8451409000;4812;14881
6005210000;4803;8352
2933113000;4782;76344
8528690000;4780;225202
9026109000;4780;67609
8504509000;4780;34683
5208520000;4778;13892
6212900000;4777;36633
5210320000;4775;17532
6403510000;4772;50690
8528490000;4769;77529
8539490000;4746;67462
8546901000;4727;23332
8419899100;4727;35063
2915909000;4692;975
6202930000;4691;129665
6306290000;4682;22054
5514430000;4664;21544
8516330000;4655;15426
9604000000;4647;10997
8501343000;4637;9818
2918199000;4636;12894
8487901000;4625;15624
7214919000;4610;4609
8453800000;4581;13914
7307230000;4571;47200
4006900000;4564;20732
8707909000;4558;35476
8202910000;4542;9585
3005903100;4511;22526
6812992000;4499;16163
6204430000;4497;94353
5212130000;4489;8495
5407820000;4481;7880
3405900000;4470;10204
8468800000;4441;50891
9404300000;4428;36120
8460190000;4422;14581
9018319000;4419;37237
8310000000;4405;53211
6307904000;4400;9891
4811411000;4398;29672
7116200000;4379;46393
2935909000;4363;78506
2932209900;4339;96917
2104102000;4325;3179
8708991900;4320;20273
3824996000;4314;16714
5007900000;4307;13733
3926906000;4301;29537
8421199000;4299;46489
8431101000;4297;8276
6206300000;4297;82052
8907909000;4260;34505
7615109000;4260;13588
8443990010;4256;86489
8463901000;4255;22507
8708992100;4248;43508
2932190000;4241;127790
8415200000;4210;70961
4802562000;4210;5961
4002191100;4210;10527
8511309100;4209;27937
4823904000;4208;12855
9025111000;4205;98176
8470500000;4184;134769
7310100000;4156;17185
5516420000;4130;9075
7323932000;4109;7918
2528001000;4100;1959
6302530000;4099;26743
8459390000;4092;19248
9506610000;4087;27048
5906991000;4084;3690
7202190000;4072;10655
8481901000;4060;18533
4811109000;4056;7725
6117801000;4051;13200
5514220000;4043;4399
5511300000;4039;5031
8501109100;4037;31476
8419891000;4032;52831
7011100000;4031;10906
8448200000;4027;10225
7005300000;4022;1541
3902300000;4019;14542
3102909000;4016;2175
8452300000;3998;8957
8483601000;3990;31378
8302300000;3983;19953
8463200000;3980;48962
8416203000;3973;6595
8455210000;3970;53239
7305390000;3960;4353
7222119000;3945;9770
4802620000;3943;12506
8708210000;3936;24218
5901100000;3932;9023
8447110000;3917;31064
8481803000;3911;25770
8709110000;3905;5258
8441900000;3903;43787
2841690000;3899;25984
8504341000;3898;6040
7014000000;3871;7430
7419999000;3870;48517
2933595000;3870;100330
7222201000;3850;13608
5408240000;3833;27596
8432310000;3825;53430
9028309000;3817;31754
3917100000;3817;40536
9102910000;3813;64457
5605000000;3811;10140
2909609000;3808;35545
5906999000;3806;9114
8460390000;3790;16803
2530900000;3787;38476
7228509000;3779;5248
6006410000;3767;20182
4901109000;3738;310886
7219110000;3718;19881
6216009000;3715;21845
9506510000;3711;59324
4602110000;3700;8423
8518901000;3693;6460
7604291000;3680;7862
3920710000;3677;16642
2804290000;3666;10578
9507909000;3664;8611
3917220000;3657;11731
9606309000;3653;7488
8708993100;3637;20629
8409994000;3634;24030
2918130000;3620;3680
8708995000;3607;20614
8517110000;3594;42135
2602000000;3589;9489
8201909000;3585;8643
7215909000;3573;4721
7015100000;3570;38501
6105900000;3568;29125
6403190000;3557;55414
9029109000;3553;17541
7202110000;3553;7883
8462101000;3551;28108
9208100000;3532;12631
8436291000;3524;6256
9031109000;3520;22205
9403820000;3513;9680
6101300000;3501;41064
5309290000;3494;5935
6603200000;3492;3192
8708294000;3487;19578
5906100000;3482;27437
3808911400;3466;28997
6202190000;3453;24778
3507909000;3451;22469
6103430000;3443;27031
3921130000;3443;48266
8430390000;3427;7632
2930905100;3418;6463
4409299000;3417;2604
8436990000;3409;41394
5911310000;3409;59394
4421913000;3400;2683
8202200000;3388;6837
2835299000;3375;7924
9026101100;3355;43669
2918221000;3354;15007
8511903000;3348;9228
6403991000;3348;91264
9101210000;3329;18292
9031499000;3317;105822
1521901000;3305;9647
5607290000;3304;6795
2914790000;3300;5254
3907209000;3298;10810
3923409000;3292;9671
4811908000;3285;4488
2829909000;3280;9395
8409996000;3277;30935
8481805100;3274;11976
7314191000;3272;1263
6203320000;3262;93681
2712902000;3257;7702
3005901000;3253;14977
8903999000;3248;27055
8479209000;3235;25735
8301700000;3220;23986
6203430000;3220;75145
2927000000;3201;15636
8460230000;3199;13234
8477510000;3185;10059
9620000070;3177;41604
5911100000;3177;25897
8476890000;3176;22451
8409992000;3151;46122
7219320000;3150;6717
8466100000;3132;38020
6104430000;3129;45186
1905320000;3120;4390
4017000000;3117;13683
8479400000;3105;17908
8476900000;3103;32587
8473409000;3097;133840
2712903000;3092;7201
8428310000;3090;26647
5208130000;3075;4688
2931909000;3074;7869
8448590000;3069;30055
7409190000;3068;36426
4010340000;3050;7984
2610000000;3049;2504
6208990000;3047;11527
3926902000;3032;9809
5701900000;3028;7437
8530801000;3007;41934
3808929100;3000;13537
8302101000;2999;8804
2933399090;2980;58353
4016951000;2968;78724
5209320000;2964;5908
8501109300;2951;44953
8423301000;2940;43115
8602900000;2920;5739
8455300000;2914;13843
2921300000;2913;6406
6006440000;2889;1847
8443150000;2880;23726
2942000000;2879;108379
5204110000;2868;2835
2711130000;2865;5917
8418691200;2863;4976
8708991100;2862;15921
8413911000;2848;30173
8501332000;2833;5494
7907009000;2833;50186
8517621000;2832;236950
6104490000;2819;59394
2505100000;2815;1449
8468209000;2812;39553
9507200000;2803;40340
6110112000;2800;10052
7220120000;2796;8029
8207800000;2792;25682
8532100000;2784;22938
6108390000;2784;40967
7004200000;2762;6904
6103490000;2756;21343
3812399000;2756;5371
8501333000;2750;9016
3207209000;2740;10682
8528730000;2734;4863
2839904000;2720;4293
9003191000;2718;196876
8511902900;2718;23210
6812930000;2714;29383
5601220000;2701;3686
8460400000;2696;19678
5402191000;2683;1070
8532250000;2680;16878
2903779000;2678;7928
8708950000;2670;17103
3806100000;2667;7119
9101910000;2656;17804
4823400000;2642;7233
9011100000;2622;103145
8529901000;2615;18139
8437809100;2605;6222
9016001200;2595;61221
9032902000;2590;33320
2836991000;2575;14565
9014100000;2567;13539
8111001100;2553;9541
8536491900;2548;45072
4905910010;2543;11501
8704322000;2540;9380
9013809000;2539;46842
8543200000;2532;22726
8445300000;2528;9902
9105919000;2522;8514
5204190000;2519;3433
8703809000;2515;15898
6502009000;2494;9276
6207290000;2489;12774
7321120000;2484;9053
8517700010;2481;51885
9114900000;2475;11079
8504211900;2462;10669
9205901000;2457;9619
8714200000;2455;6486
9001100000;2449;22793
5208220000;2446;6727
7310210000;2439;6917
3307100000;2437;4034
9032200000;2433;25109
4410120000;2430;912
8448390000;2415;16753
4817100000;2415;4802
8408100000;2412;11934
9101190000;2407;22931
2921590000;2407;12805
8479892000;2402;24509
2905310000;2395;4606
9506991000;2394;11481
4421992000;2391;3140
9103100000;2374;15539
6106900000;2359;40950
9105110000;2341;7203
1515300000;2340;3227
3905210000;2338;2630
8702101000;2320;15332
8516800000;2317;30973
8708994000;2316;8838
8535901000;2310;36613
6204630000;2310;51910
8502399000;2308;7382
3917331000;2301;4893
7019400000;2300;2536
3209100000;2295;3195
8470300000;2293;10984
3907201000;2287;12568
8501201100;2284;5466
5514302000;2280;3990
2930909900;2273;33139
6006420000;2272;4315
6904900000;2262;24752
2936230000;2262;119133
8541900000;2257;56747
6111909000;2256;25396
5702420000;2249;11684
5402110000;2237;5573
7113200000;2225;10633
7415100000;2224;4911
8509801000;2223;20311
8510202000;2216;14161
9209300000;2211;20464
2934109000;2211;8692
9025803000;2203;7986
5208599000;2187;21321
3905992000;2177;20076
8535401000;2173;43944
8428320000;2166;14613
2918119000;2160;5243
6204490000;2155;32538
2516900000;2152;6993
8417900000;2145;36928
5408220000;2143;6480
1302399000;2137;15147
2932140000;2128;91804
2930201000;2118;13886
5514290000;2117;2108
3813001400;2115;3404
8607290000;2106;17429
2805120000;2100;7161
8711100000;2097;17493
2941101000;2084;46202
7214301000;2078;1080
6104690000;2076;37648
2941500000;2076;282823
1102909000;2061;3226
2918112000;2059;3181
1302320000;2057;4392
7502100000;2054;33695
5514199000;2052;4918
8523809000;2051;392560
7209250000;2051;3212
5516210000;2047;3317
8504211100;2037;21602
8458199000;2033;894
5205120000;2032;4824
8504501000;2031;54574
5904100000;2025;3330
8437809300;2020;14540
8470210000;2015;48602
9030890000;2014;41818
2833220000;2008;996
3102600000;2008;981
8416100000;2000;3570
6201120000;1994;28756
9506190000;1992;6360
8501640000;1991;9456
4805500000;1990;2113
8530900000;1989;30308
5209290000;1988;5329
8423309000;1980;12753
8205599100;1963;8686
8434100000;1960;12457
8426490000;1960;851
4905990000;1957;307
8421392000;1956;20339
3005109000;1954;5980
5404119000;1952;5743
2001909000;1951;2622
9016001900;1947;45602
8421191000;1943;55589
5209430000;1940;6442
3402909100;1939;1842
8443110000;1937;7386
5604909000;1935;4965
7214309000;1933;2178
8460900010;1920;13610
7228609000;1916;7125
8207400000;1915;21141
9001200000;1911;4184
3823709000;1905;7513
3903300000;1900;7247
8523520000;1899;107934
4016100000;1896;8565
8461909000;1893;9846
3507904000;1891;7562
3403190000;1887;2673
5904900000;1878;3283
6909900000;1859;5417
8451401000;1852;11716
2932999090;1849;58641
4010330000;1848;8747
3805901000;1830;19377
5516230000;1828;3328
5703200000;1826;13936
9028301000;1806;90796
2827395000;1806;14102
4823906000;1802;4032
4811519000;1799;5564
6208920000;1795;12567
5407830000;1792;11751
9602009000;1787;4034
8528710090;1781;49172
2106907100;1781;117409
9608600000;1774;3819
6302510000;1774;18222
2909494000;1772;3690
2005992000;1772;5519
4802100000;1769;9101
3204160000;1763;7396
6209300000;1760;43680
6005240000;1760;3874
6304200000;1760;5298
6106100000;1758;31260
9030400000;1752;1075312
9304001000;1745;35769
8007009000;1744;3838
7321891000;1742;1742
6207999000;1742;13980
8505191000;1739;10820
9106100000;1725;103273
6110119000;1716;13321
8459590000;1709;4203
9006990000;1702;22919
8437801100;1688;2435
9022130000;1684;27689
5209210000;1680;3051
7415330000;1676;12503
9620000090;1673;32575
5810100000;1670;7500
6110301000;1665;29806
6110202000;1664;41559
8514200000;1657;16436
8436809000;1657;16399
2936291000;1656;50451
6403590000;1650;42938
2909499000;1650;3683
9805000000;1644;2642
9401901000;1629;5412
3923501000;1625;11057
8542320000;1624;61109
4905100000;1623;2860
6304110000;1619;12028
2933592000;1612;42416
8402120000;1610;18423
8536301900;1605;23153
6212200000;1604;26268
6108110000;1593;9417
8439100000;1590;1793
3206499900;1587;14518
8209009000;1586;18885
6909110000;1582;8906
8545200000;1581;19914
8476210000;1580;15445
6107120000;1574;4201
4016996000;1573;5046
4908100000;1568;4474
7323949000;1567;1609
9026101200;1566;68285
8506501000;1564;26534
3207300000;1551;2373
8465200090;1549;2140
5516410000;1540;2813
7016901000;1538;3602
8439910000;1533;50101
8458191000;1529;4844
7209900000;1529;3935
9003900000;1528;6206
9015201000;1526;133962
6104630000;1526;34471
5210190000;1522;2253
6208290000;1521;13543
2918999900;1521;52354
5407730000;1506;2461
8540890000;1504;7085
8545909000;1500;4810
2402202000;1500;10822
4602190000;1494;11514
2811221000;1494;4530
8451900000;1492;23155
2933199000;1492;28163
9006690000;1490;19812
8202400000;1484;21659
4421911000;1483;2564
3212902000;1478;8771
8506502000;1474;4670
8522902000;1472;4556
8433510000;1463;10071
4817200000;1449;3173
6107190000;1448;8862
7418109000;1444;21773
8479300000;1438;209
9608910000;1426;2527
8460290000;1407;8788
8456300000;1404;11367
3926904000;1391;23854
5607210000;1387;1615
2936292000;1385;29523
5516240000;1383;2588
3808610000;1380;10862
6116930000;1379;10665
9025809000;1371;47149
2905170000;1366;11677
6207110000;1361;32620
5506900000;1360;2885
4804310000;1359;4250
3824999400;1358;3408
5515210000;1350;2344
8501620000;1347;4177
4402900000;1347;420
6103109000;1345;6171
3824500000;1335;339
8523499000;1334;513129
4811902000;1334;976
2835240000;1334;3508
3809920000;1332;11180
2937120000;1331;4305
5514210000;1319;3871
8205593000;1315;5271
6203190000;1312;13860
9002190000;1309;29819
8532900000;1308;9166
5208430000;1308;21251
2818200000;1305;2337
8484200000;1301;22875
6213909000;1299;2673
2925299000;1299;14853
3701910000;1293;11579
9205903000;1290;15158
9011900000;1284;26601
1208100000;1280;770
9209910000;1277;1829
8504402000;1276;41156
2923909000;1274;4487
6107110000;1270;10251
9027909000;1267;102977
2918120000;1261;5449
5407720000;1257;2700
8461901000;1250;3097
6110203000;1250;33512
2933119000;1249;19417
904120000;1249;3250
7306110000;1244;3109
8479201000;1238;6064
2937299000;1234;25809
6207190000;1231;12641
5702100000;1229;1556
6202120000;1229;25485
6217100000;1228;21268
9995000000;1225;5737
5606000000;1225;6109
8412809000;1219;27364
6108990000;1218;16229
6204190000;1218;6802
8412100000;1216;8963
9802000000;1213;30288
6302101000;1211;5075
9018110000;1210;97553
8459101000;1210;5953
9113909000;1209;20002
6306901000;1200;5977
2101200000;1194;133527
8511902100;1192;3844
7205290000;1191;1428
8541290000;1189;14343
8460240000;1187;2039
3806909000;1179;3780
8702309090;1170;6424
7008000000;1170;775
8482400000;1164;13134
712901000;1157;10279
3823110000;1152;4239
8443170000;1151;16722
712390000;1145;3257
2905490000;1135;7206
5402340000;1134;2108
6211120000;1133;3758
8534000000;1130;27566
9002110000;1130;37344
6104620000;1130;24259
8701910000;1128;2620
8408201000;1127;16712
909620000;1120;3142
8474392000;1119;3031
6110199000;1102;6619
3006700000;1100;1159
3808939100;1100;14635
6903901000;1098;5545
8539392000;1097;2815
8517691000;1097;27210
9029209000;1084;11930
6103420000;1082;25030
9101990000;1075;12980
7104900000;1075;16683
6108220000;1075;28696
6104420000;1072;23487
8709900000;1070;3990
7326901000;1069;5362
8505909000;1064;6814
8480490000;1059;3634
6115309000;1059;5884
8510901000;1056;23835
8433530000;1052;3094
3002909010;1050;9330
8214901000;1049;1698
9201900000;1048;6818
8529902000;1040;25647
8407330000;1034;3984
6305909000;1034;10134
5208510000;1033;18721
3212901000;1028;3176
4802540000;1025;1307
8528520010;1023;18393
7202990000;1022;4462
3812200000;1022;4323
1209919000;1022;106734
8801000000;1021;2565
8104900000;1017;6888
2919909000;1010;6833
6204420000;1009;29051
7321899000;1005;4340
6102300000;1002;18450
2933339000;1000;10529
3904109000;1000;1243
2907299000;1000;4428
4008112000;996;1761
3923309100;993;2615
8476290000;976;4642
3911101000;976;2346
8523210000;975;5479
2106101900;975;814
6505001000;974;3841
4802581000;971;453
4203100000;971;8897
9002900000;970;13068
6108320000;970;19189
6302409000;964;2128
6114909000;952;26479
9029909000;946;9625
8413601000;946;31479
8506802000;941;1375
5516910000;940;1345
5407430000;940;7964
9026101900;937;39105
8508700000;931;10756
8448190000;931;4150
2833190000;924;804
5806310000;923;758
2912193000;922;2591
8505901000;913;10537
6212300000;912;4036
9620000060;909;7101
8422190000;909;8218
4811511000;907;2299
4010191000;907;4002
3814009090;902;969
9606301000;901;1365
8459104000;900;2544
9027300000;889;139254
8532300000;887;6562
8510909000;880;15693
6211430000;880;22385
2901100090;880;2227
2005600000;880;15173
6108290000;879;9391
6213200000;877;2678
8419400000;869;11245
9025900000;867;24088
8419899200;862;5787
5211320000;862;2846
7220110000;861;2372
6103299000;861;4867
1516100000;861;4729
2203000000;860;394
8544110000;857;5184
5702500000;851;2114
3006401000;851;4112
7219220000;848;1442
8530100000;847;10694
8466200000;842;3221
5205110000;842;530
8433200000;838;2721
8903100000;836;2135
6307902000;836;4538
2841901000;836;2901
8514900000;833;3397
6204230000;833;8237
7228800000;832;9785
6112110000;832;22310
8541500000;828;13766
9010100000;826;3287
6204320000;822;29040
4014900010;822;17899
8470909090;821;142075
712909000;821;5550
3810102000;821;10998
8543702000;817;27816
8212900000;816;1327
7216320000;810;1210
8465931000;810;1338
2513100090;810;2223
5513239000;808;2554
8412390000;804;19733
3815900000;804;8248
8475900000;802;7652
6204440000;800;29580
5212210000;800;911
4908901000;799;2178
2936210000;797;218596
9021400000;796;123551
6201190000;795;9064
9619002090;792;1660
6704200000;790;7860
8403900000;787;3456
9021290000;783;47653
8432210000;780;1974
2715001000;780;2734
2920909000;778;5716
6914100000;776;27150
2707509000;776;297
9006599000;768;17287
8448329000;767;6743
8447203000;765;5515
5514303000;764;1981
9008900000;756;3849
4823610000;752;2049
9022140000;750;45489
9110900000;748;2987
9027802000;747;38093
8474802000;744;2593
8445199000;743;929
9030200000;741;43547
6001210000;741;2942
5210310000;740;11251
9007100000;739;2591
3920940000;736;702
3925100000;735;11703
9027500000;728;265766
8505200000;725;9504
3405300000;725;3838
2918211000;724;4138
2812900000;722;14413
3105200000;721;3502
4001300000;712;2537
9018130000;711;33328
5514309000;709;1388
2921510000;708;17592
3805909000;701;2811
8501101000;699;9696
6204520000;696;14146
9025191200;694;6677
5513392000;693;8605
8474311000;692;13386
8209001000;691;41229
3401200000;691;3038
8476810000;690;859
5208290000;684;3128
6005360000;681;1450
8533409000;677;10261
8205901000;677;1173
6104530000;677;9429
3404909000;677;1985
9104001000;668;1355
6703000000;668;3228
9032810000;666;14072
5208420000;664;12432
5514420000;664;497
2903730000;664;1453
8535290000;662;5171
8474203000;660;5820
6208910000;658;4663
9028209000;656;5619
8407310000;655;700
4002192200;651;532
9001300000;650;10617
8439990000;648;8077
8434909000;642;8191
8506101200;640;2574
3923292000;637;5620
5402390000;636;744
8459103000;634;1802
6207910000;633;11257
7612904000;631;982
8420101000;628;599
804100000;627;1515
5509110000;625;1150
9032901000;624;14788
8207192100;624;11272
8519309000;622;7937
3301292000;617;25793
3306900000;614;2830
6814100000;612;2511
9507901000;606;9350
7601200000;605;465
2936293000;604;5490
2941309000;603;33994
8416201000;600;8065
9016001100;593;7980
5208591000;591;2181
8443140000;587;10618
8507500000;585;15482
3920730000;585;2419
5810910000;583;1053
7407290000;582;4298
2915702100;580;2332
1905901000;577;1112
8458910000;570;3690
6303191000;566;6187
3307410000;566;2115
6103220000;565;12398
1212210000;565;6867
5809000000;564;6089
7101220000;562;2322
7212600000;560;2180
9014200000;559;952
8208300000;556;5099
5513190000;551;1333
9030100000;550;2250
4418100000;550;1314
8421910000;549;16164
8423200000;547;2796
5407740000;547;6079
8711400000;546;5149
2906210000;543;4332
5801100000;540;665
7322900000;533;1200
6108210000;533;9660
2940000000;533;8003
9010500000;530;13842
8113000000;530;3389
9031491000;529;37381
8548900000;524;905
2912410000;523;6017
8473401000;522;8482
9101110000;519;35075
7304220000;519;2409
2005910000;519;640
9008503000;518;15703
3403110000;518;1159
6402991000;517;18731
9021210000;515;4126
2514000000;515;423
2917140000;515;983
8703100000;514;641
8447201000;510;1797
5210410000;510;9547
6117809000;510;13484
9006610000;509;16568
2713120000;508;807
6107210000;504;4877
3302900000;504;6118
2835391000;504;648
8523491000;503;3945
904211000;503;2990
6301300000;502;2782
9015100000;500;31797
7305900000;499;4252
8487909000;492;15170
7019320000;491;5319
8448110000;489;899
6102900000;488;5532
2530100000;488;240
8421192000;487;7799
8480300000;484;29501
3002159000;482;29425
4805402000;481;2469
8533290000;480;5607
8479893000;479;1221
3002152000;475;24188
8419501000;472;4655
8442301000;468;2260
8301401000;464;24995
8448510000;464;4819
9804000000;461;10102
4811591000;461;510
3002192000;458;9708
9028901000;457;12408
3702440000;456;2133
8532220000;453;2479
8411210000;452;650
4804290000;451;4518
5511100000;450;5912
9102210000;447;15213
7806009000;447;2572
2930902900;447;12654
1505009100;446;3772
2918291100;445;4715
9027109000;442;57384
5515910000;440;1229
4012904900;439;1543
4410900000;439;384
3206492000;438;3656
8501401100;437;4100
9015202000;434;19864
4602900000;430;4828
9102120000;429;25028
8479500000;428;11488
6102200000;428;7717
8419310000;426;3626
6211420000;425;8772
6116920000;422;5808
4410190000;422;332
2941200000;421;9414
2932201000;419;20070
6308000000;417;1603
5111309000;415;1503
6112410000;415;23361
6203120000;414;7792
6115101000;413;1222
4418740000;413;182
2922290090;409;3918
8431431000;408;2702
3920630000;407;4027
4805300000;403;1019
8479790000;401;6394
6305200000;400;2931
6115301000;400;2644
8486900000;395;748
6210400000;393;4778
6107290000;389;8527
1302199900;387;15582
9030909000;386;11732
6104440000;385;12152
8474391000;384;387
6401990000;384;2135
8405100000;382;6996
7113110000;382;42894
3917211000;382;1294
6306400000;381;1402
6114200000;380;7824
8421220000;378;973
4811593000;376;473
6203220000;375;14618
6811890000;375;2229
6005350000;374;665
8436210000;372;2459
8501202100;371;1793
9026801900;371;21973
3903900000;370;599
9007209000;369;15755
3820000000;369;1219
8607910000;366;2019
6110192000;366;3251
8505902000;365;2761
4504901000;365;1945
9111900000;364;1908
6108190000;364;3024
9018500000;363;29228
7415290000;363;3808
7407100000;362;961
8507400000;360;1610
4811592000;359;1457
9006531000;357;429
6108310000;355;8357
4001299000;355;395
6207210000;351;5150
2905121000;351;679
9025804900;350;43296
6005390000;343;1235
5902209000;342;1291
3215902000;342;1382
9015801000;341;18261
3915900000;341;281
9113901000;340;5223
3904610000;340;775
8527920000;339;3408
7208360000;339;364
6207220000;339;1705
6112190000;337;11328
8421391000;336;1707
4304000000;336;2838
5911200000;333;5486
6208220000;333;11678
6109901000;332;11017
7017100000;332;2700
6005900000;331;380
5703100000;330;1184
909610000;330;859
5303909000;326;1246
6104230000;325;1705
4806200000;324;1400
3606900000;323;946
7605290000;321;1301
8207300000;321;7498
8207200000;320;3511
6812994000;320;1225
9030840000;318;459442
6211110000;317;12572
2934200000;311;1163
3004502000;307;4823
9506310000;305;11508
8421110000;302;993
3705000000;301;2948
6204220000;298;8240
9007910000;297;10215
4016940000;297;635
5702200000;296;956
9022300000;295;62338
7110190000;294;2055
9025191100;293;22843
6211499000;292;15103
2941906000;291;15067
8519891000;288;8488
9803000000;287;9454
3824999300;287;956
9006529000;283;1567
8470290000;283;3864
6104320000;281;5708
7003300000;280;3385
3801900000;279;5211
9012100000;278;5964
7605190000;278;207
5307200000;276;604
3507901300;276;9833
9601900000;269;2884
2915702900;266;1251
3405100000;266;1773
2917199000;266;3198
9108110000;265;1257
8708302200;263;6552
902200000;263;568
6105201000;262;4005
9002200000;261;9477
2513100010;261;446
5112114000;260;16676
8803900000;254;183760
8479895000;253;2245
6103320000;253;5412
8501511000;251;8975
6112490000;249;9632
8409998000;248;1371
8438501000;248;645
8438300000;248;1470
6305320000;248;2762
3811212000;246;659
6208110000;245;1177
8472902000;244;1543
6108920000;244;5749
8533319000;243;6303
8708999600;242;506
4504909000;241;696
7208371000;241;258
5408340000;240;290
6105209000;240;3792
4413000000;238;745
9024100000;237;17044
3204199000;237;4324
9017900000;236;3428
2926400000;236;234
2914500000;235;4401
3207100000;235;1970
8507300000;234;3761
8459700000;233;2017
9029101000;230;2056
4602120000;230;914
1302192000;227;14287
2941901000;227;22102
6306909000;226;2126
3905991000;226;5418
8211941000;225;602
8465921000;225;599
6112390000;224;1700
8533312000;223;2649
8527120000;221;571
3811190000;219;743
2922199090;219;15317
2710193800;219;746
9006400000;218;13434
410000000;218;7518
2001100000;218;626
3402131000;217;4222
8535402000;216;4452
2915702200;214;917
9005900000;212;1358
6204590000;212;8111
9018200000;211;8451
4802611000;211;3
6210500000;210;2923
2827510000;208;1257
4601290000;206;1085
6208210000;206;4138
7324210000;203;2276
1206009000;202;190
1702904000;202;3778
3824997000;201;531
8433601000;199;1766
6215100000;198;15341
5908000000;197;178
1209915000;197;577604
8453900000;195;965
5516430000;193;270
8472903000;192;1258
8514400000;191;2443
6204530000;191;5625
8466300000;190;2088
6304920000;190;2324
6803000000;190;1115
902100000;190;5662
8533210000;188;1788
2926909000;187;2030
8419399100;183;2377
7406100000;182;395
6104299000;182;5158
2930301000;182;804
8406820000;180;1270
5911901000;180;422
3006910000;180;4555
6202920000;179;9488
6115220000;179;1041
710801000;179;5865
2918299000;178;1501
9104009000;177;915
4823905000;177;812
4805240000;176;171
9021391000;175;2260
9018491000;175;4354
7907001000;175;2354
6111300000;173;3221
7211140000;171;2093
6201920000;171;6327
8509802000;170;1886
6104220000;170;4915
3916100000;170;211
8109900000;167;8830
7004900000;167;2747
8434200000;164;568
6903909000;164;5939
8511101000;163;2681
2938909000;163;7882
6204310000;161;7505
3907910000;161;1263
9113902000;160;5213
7410110000;160;1836
6104192000;160;881
1702191000;160;2461
2915904000;160;1841
8402200000;158;1536
811909900;158;335
9022290000;157;14999
9027200000;157;51711
6104199000;154;1309
3802909000;153;519
8417201000;151;630
7415210000;150;1315
8417803000;149;12199
3506100010;149;197
8547109000;147;1612
7321820000;147;207
3902100000;147;3183
5207100000;146;1611
6214100000;146;7905
8473300020;145;6268
4907009000;145;2266
8112290000;143;315
4804190000;141;345
4002992000;140;461
5408230000;139;1099
3808941990;139;150
9015409000;138;5098
4015901000;137;4195
8436299000;136;761
4206002000;135;1051
1209999000;134;13387
8419391000;133;6699
9006300000;132;2758
8473210000;132;2335
4005919000;132;231
2918291200;131;1437
8545190000;129;1264
3810902000;129;851
6815200000;128;1128
4802619000;128;58
3904101000;128;4095
4811905000;127;142
6102100000;126;2624
2712901000;126;1310
2517100000;125;657
8434901000;124;2136
8440900000;124;8983
5704200000;124;1052
1211909090;124;2788
6208190000;122;1711
5501900000;122;166
9401100000;121;128
1006300000;121;679
8409918000;120;1042
9027101000;119;7997
5402610000;119;634
9026801100;118;769
6813890000;118;7835
4601990000;118;617
8207191000;117;1199
2922494100;117;379
8707100000;116;612
906190000;116;89
6214200000;114;1233
909320000;114;1545
9025804100;113;9820
8805290000;112;4065
8461300000;112;497
2918291900;111;919
8470909010;110;230
4805190000;110;494
2103302000;110;958
2935300000;109;1759
1514990000;109;744
7212100000;108;264
1505009900;108;1469
3104209000;107;456
1605530000;106;948
3917291000;106;642
8432410000;105;503
8423821000;105;353
9112900000;104;676
2918300000;104;727
5702490000;103;685
6203310000;103;7688
5509120000;102;142
8501342000;101;737
8483109300;101;1198
5207900000;101;239
2933992000;101;1915
8533393000;100;1811
5404111000;100;493
8465941000;99;855
2909440000;99;418
7204210000;98;104
2812199000;98;1030
5905000000;97;567
6104590000;97;1916
6215200000;96;3848
2835291000;96;2292
8541210000;95;2639
5407101000;95;94
8506900000;94;1970
4015902000;94;1182
1605560010;94;855
1605510000;94;1037
8507901000;93;586
6210200000;93;414
8608000000;92;330
4503900000;92;560
4415100000;92;1471
5211190000;91;966
5509990000;90;106
2922210000;90;506
4016952000;90;514
5513492000;89;563
7801100000;87;19
8803300000;86;7664
6110113000;86;2120
3002909090;86;55828
2918212000;85;743
8442501000;84;843
9305990000;83;729
4504902000;83;640
2843290000;83;6261
4002319200;83;440
2934994000;82;9036
6201110000;81;5310
6112310000;81;4609
7216220000;80;746
4901101000;80;469
4811594000;80;172
3701100000;80;2429
901211000;79;669
2008999000;78;28
8521100000;77;696
301190000;77;768
7020001000;75;404
3702960000;75;1098
2917399000;75;3499
3207409000;74;1147
8309100000;73;2167
6201990000;73;914
9108200000;72;328
8457300000;72;128
4806100000;72;98
3920790000;72;19
8523293300;71;79
6211200000;71;2363
6307901000;69;3001
2938100000;69;12046
3504001000;67;859
2712909000;67;805
2811210000;67;331
2906130000;67;2787
3811290000;67;379
9006521000;66;1047
8502391000;66;250
8420910000;66;340
9620000010;65;488
8526920000;65;1059
6903109000;65;1642
3920920000;65;781
3307300000;65;617
3921901000;65;224
7409900000;64;357
3816000000;64;196
8533900000;63;1489
4811901000;63;98
3904900000;63;2566
3207201000;63;4456
8506109200;62;523
9013900000;61;2292
8517699010;61;4231
8105900000;61;695
3301300000;61;107
2922493000;61;1467
8472300000;60;530
8001100000;60;60
8533399000;59;3573
8401200000;59;66
7409390000;59;365
6215900000;59;1295
1207701000;59;5893
7002310000;58;8541
2909501000;58;1037
7408210000;57;1322
8421292000;56;5053
7408220000;56;1448
7306290000;55;558
2941103000;54;2281
9108900000;53;3389
8504342000;53;5347
6103102000;53;628
5902109000;53;83
8542330000;52;3641
8486300000;51;601
8101940000;51;3299
7419100000;51;238
5112191000;51;3010
7202600000;51;1155
8442400000;50;6978
6812999000;50;917
2818100000;50;404
8540110000;49;532
9620000050;49;241
5513391000;49;1076
3701200000;49;687
9016009000;48;2323
5209520000;48;137
8506602000;47;845
6003900000;47;103
9111200000;46;2377
7323912000;46;693
9011200000;45;4041
9201100000;45;295
6104520000;45;947
8454300000;44;704
6104130000;44;741
3917231000;44;288
8523292300;43;2055
9010900000;43;5224
7017200000;43;2020
4503100000;43;622
4504100000;43;350
8523293100;42;63
8535210000;42;592
8461200000;42;71
2820100000;42;1016
2836994000;41;990
2934101000;41;2371
9405501000;40;2158
7612901000;40;47
6217900000;40;640
6211320000;40;1174
2507009000;40;64
8205601000;39;33
4804490000;39;471
2403990000;39;660
4812000000;38;403
9112200000;37;275
4810141000;37;129
6116910000;37;208
4805401000;37;300
2939791000;37;99284
9702000000;36;546
8907100000;36;95
7220900000;36;1132
8404100000;36;678
6307200000;36;908
2915320000;36;150
8506601000;35;67
7225990090;35;564
9305109000;34;1406
8413301000;34;1766
8409100000;34;3928
8102960000;34;1310
5802110000;34;400
5303903000;34;26
8411990000;33;959
7403299000;33;89
7506100000;33;4906
8456200000;33;1275
8803100000;32;5112
7419991000;32;986
3404200000;32;708
9113200000;31;1514
8533404000;31;2419
5906910000;31;1505
1901909000;31;82
2525200000;31;344
9030820000;30;4454
8523802900;30;1143
8430310000;30;274
8420990000;30;1006
7611000000;30;431
5402199000;30;657
2104101000;30;92
3206491000;30;388
2833240000;30;729
2903999000;30;2008
8547901000;29;530
8472909010;29;873
8435900000;29;230
6001290000;29;291
2939420000;29;1837
2921210000;29;222
4303909000;29;875
3913100000;29;12852
9703000000;28;1545
9014900000;28;77
8522904000;28;82
9114100000;28;651
2823009000;28;377
8487100000;27;1169
8416300000;27;228
2937900000;27;4667
2937222000;27;23114
9029102000;26;3067
5209310000;26;92
6304910000;26;532
6204410000;26;1705
2830909000;26;261
2933610000;26;146
8803200000;25;2574
8511401000;25;267
8543701000;25;234
8404900000;25;635
6203110000;25;1425
6117802000;25;539
4801000000;25;576
2841700000;25;980
3202909000;24;187
9031492000;23;457
8211931000;23;228
6501000000;23;46
6203410000;23;1282
7001003000;23;17
9022190000;22;5800
8506309000;22;53
8443321100;22;1254
4813900000;22;88
5111191000;22;399
6108910000;22;673
3902900000;22;659
8606300000;21;21
4822900000;21;419
4421991000;21;642
4303109000;21;1776
9109900000;20;214
8606100000;20;37
8540810000;20;2234
8478101000;20;485
8456120000;20;996
4601930000;20;97
5112209000;20;213
7201500000;20;474
2106903000;20;261
5801272000;19;719
4906000000;19;21
2924293000;19;214
2804300000;19;1480
8533100000;18;702
8540710000;18;550
8506402000;18;164
9114300000;18;1922
8454100000;18;621
5202990000;18;1301
2106908000;18;226
8480100000;17;16
6104410000;17;313
4601920000;17;53
4008212100;17;586
910999000;17;77
8486400000;16;226
8504230000;16;126
9506120000;16;296
8532230000;16;393
7221000000;16;339
8402900000;16;393
8437101900;16;96
7103109000;16;1757
4113900000;16;376
7410220000;15;95
6112200000;15;598
1302310000;15;854
9007920000;14;4684
7602000000;14;115
7419910000;14;253
6903101000;14;158
6103410000;14;649
6206100000;14;2329
3206500000;14;48
2937211000;14;8750
3906100000;14;788
7608101000;13;13
8101990000;13;899
8405900000;13;366
7204290000;13;50
4010350000;13;107
2811299090;13;145
9006591000;12;867
9613900000;12;323
7213200000;12;477
5602210000;12;120
2939799000;12;55479
4302190000;12;114
1212991000;12;1257
2938902000;12;367
9111800000;11;155
8505903000;11;129
8515801000;11;538
8454900000;11;392
6107220000;11;445
6202110000;11;1060
3002209000;11;473
3906902900;11;89
8532240000;10;402
8532210000;10;255
8540990000;10;390
8506401000;10;95
8522100000;10;109
8533311000;10;70
8421293000;10;1765
8308101200;10;7
6301201000;10;163
4811596000;10;212
6107999000;10;210
7114119000;10;2604
6202910000;10;567
2824900000;10;234
2937221000;10;9514
3301199000;10;263
9012900000;9;132
9014800000;9;458
8465951000;9;157
7228209000;9;871
5309110000;9;249
6403120000;9;133
6107910000;9;157
5407300000;9;217
2841300000;9;154
4011300000;9;159
7409290000;8;185
7408290000;8;105
8101960000;8;811
6211491000;8;545
7019510000;8;142
6101901000;8;684
3821000000;8;448
2840190000;8;128
2933499000;8;2098
2924190000;8;441
1209300000;8;1282
3904220000;8;120
8523292100;7;422
8458119000;7;110
7508909000;7;178
3307200000;7;56
8543100000;6;40
8504343000;6;64
8428101000;6;63
7323922000;6;5
8108900000;6;707
7403190000;6;11
6310900000;6;57
5502909000;6;84
2840200000;6;39
2937292000;6;5158
2905149000;6;61
901212000;6;202
2907150000;6;216
9006539000;5;203
8539410000;5;359
8607210000;5;181
9305105000;5;169
8533401000;5;324
8607300000;5;5
8547101000;5;129
9620000020;5;45
7301100000;5;566
7213919000;5;134
6814900000;5;43
6204610000;5;76
6806200000;5;137
4416000000;5;26
3606100000;5;161
4005999000;5;321
2930901900;5;408
2916151000;5;60
8541600000;4;236
8506609000;4;795
9114400000;4;116
8533391000;4;20
9504909100;4;176
8211950000;4;32
4905910090;4;47
6204130000;4;188
5112111000;4;10
4805912000;4;28
6115210000;4;91
7114111000;4;2137
6110193000;4;173
5402450000;4;51
5208190000;4;23
6305109000;4;28
2826191000;4;337
4409102000;4;16
2710129900;4;21
2933799000;4;173
3824992200;4;85
4010360000;4;161
604900000;4;254
3907400000;4;64
904229000;4;776
8517700020;3;189
8511901000;3;471
8540600000;3;62
8483403000;3;24
8517622010;3;560
9109100000;3;101
8908000000;3;68
8519200000;3;57
9008502000;3;116
7218990000;3;90
8207600000;3;29
7104200000;3;427
6107991000;3;179
2915401000;3;133
2922429000;3;28
3105600000;3;37
2907220000;3;581
3004902400;3;556
2811199000;3;93
3810901000;3;408
2912210000;3;52
2933210000;3;40
402109000;3;127
3001209090;3;117
2849901000;3;601
8486200090;2;2
9106901000;2;34
9209990010;2;186
9601100000;2;43
8536301100;2;121
9021310000;2;45
9027901000;2;234
8483301000;2;41
8449009000;2;27
7410120000;2;96
7506200000;2;327
6309000000;2;19
5808100000;2;3
5404120000;2;141
5402480000;2;54
6812910000;2;76
5509610000;2;33
7116100000;2;74
6305331000;2;93
4010110000;2;39
4415200000;2;3
4002591000;2;36
2825100000;2;488
2908190000;2;100
2937239000;2;8985
2849200000;2;91
2906190090;2;3599
2933791000;2;67
2804400000;2;12
3824995000;2;31
2937223000;2;2416
2515120000;2;29
2923901000;2;110
8519811000;1;55
8541300000;1;73
9006510000;1;239
9008504000;1;10
8501403100;1;0
8462391000;1;68
7415390000;1;31
7310291000;1;51
7606122000;1;103
6402120000;1;98
6302401000;1;13
5801230000;1;29
5509210000;1;39
6401100000;1;47
6111901000;1;16
6104291000;1;13
6104310000;1;49
2842909000;1;16
2914409000;1;63
1106309000;1;39
2906290000;1;179
2804701000;1;2
3703100000;1;178
2937229000;1;4863
2939410000;1;8
9017201000;0;9
9015401000;0;32
9705000000;0;50
9113100000;0;10
8506302000;0;16
8525502000;0;289
9021500000;0;413
8540790000;0;8
8506409000;0;21
8112990000;0;147
8478109000;0;103
7212500000;0;10
8003009000;0;0
7107000000;0;38
7103999000;0;4
5004000000;0;26
6802100000;0;25
6301100000;0;83
6204120000;0;8
5603121000;0;66
6204110000;0;4
6201910000;0;5
6113000000;0;38
5208219000;0;24
7101210000;0;84
5516220000;0;24
6210300000;0;25
6103310000;0;23
4901991000;0;28
6209901000;0;7
6812991000;0;26
6203291000;0;8
4810149000;0;3
7001001000;0;30
6205901000;0;5
3206420000;0;22
2902901000;0;170
3405400090;0;12
3201909000;0;139
2921499090;0;175
2937212000;0;421
2937224000;0;1253
2916129000;0;3
3823190000;0;505
2912420000;0;12
2827399020;0;42
2925190000;0;260
2914620000;0;1095
2916159000;0;30
2931391100;0;54
2813909000;0;0
2928009000;0;46
2843900000;0;24
2905199000;0;280
2903299000;0;14
3204159000;0;24
2916319000;0;97
2922121000;0;11
2846900000;0;22
2827310000;0;31
2941104000;0;8
4002492000;0;12
2917131000;0;66
2106904000;0;2
2937231000;0;44
2912491000;0;34
2106906900;0;27
402211900;0;15
2930909800;0;85
2815300000;0;79
2923200000;0;31
2914190000;0;23
3811211000;0;45
2939590000;0;58
2937232000;0;29
3211000000;0;5
3507901900;0;26
2810001000;0;22
2937219000;0;13
2933396000;0;405
3702390010;0;69
2937110000;0;78
2904109000;0;418
2934991000;0;62
2936900010;0;64
2914390000;0;114
3904309000;0;31
2510200000;0;22
4206009000;0;8
2827394000;0;126
2839909000;0;11
2902909000;0;96
3206200000;0;26
2914690000;0;737
2924230000;0;45
3204191000;0;8
4015191000;0;11
Total general;927541505;2096333720
